Type of waste management,Type of waste,CAS NUMBER,As a byproduct,As a manufactured impurity,As a process impurity,Concentration,PCU,Efficiency,Waste flow,Chemical price,PAOC,PACE
Treatment,W,50000,Yes,No,No,4,B11,E4,6,5,4,8
Treatment,W,50000,Yes,No,No,4,B11,E4,6,5,4,8
Treatment,W,50000,Yes,No,No,4,B11,E4,6,4,4,8
Treatment,W,50000,No,No,No,3,B11,E5,5,3,2,2
Treatment,W,50000,No,No,No,3,B11,E5,5,3,2,2
Treatment,W,50000,Yes,No,No,4,B31,E5,6,4,2,2
Treatment,W,108883,No,Yes,No,3,P42,E4,5,4,2,2
Treatment,W,50000,No,Yes,No,3,P42,E4,5,4,2,2
Treatment,W,50000,No,Yes,No,3,B11,E5,5,3,2,2
Treatment,W,50000,No,Yes,No,4,B11,E5,8,4,2,2
Treatment,W,50000,Yes,No,No,4,B11,E5,8,5,2,2
Treatment,W,50000,Yes,No,No,4,B31,E5,6,4,2,1
Treatment,W,50000,Yes,No,No,4,B11,E5,6,3,2,1
Treatment,W,50000,Yes,No,No,4,B11,E5,6,3,2,1
Treatment,W,50000,Yes,No,No,4,B11,E5,6,4,2,1
Treatment,W,50000,Yes,No,No,4,B11,E5,6,3,2,1
Treatment,W,50000,Yes,No,No,5,B11,E5,6,4,2,1
Treatment,W,108883,No,No,No,3,P42,E3,5,3,4,3
Treatment,W,108883,No,No,No,4,P21,E3,6,1,4,3
Treatment,W,108883,No,No,No,3,P21,E4,6,3,4,3
Treatment,W,108883,Yes,No,No,4,B11,E5,5,3,4,3
Treatment,W,108883,No,Yes,Yes,3,B11,E4,6,3,4,3
Treatment,W,108883,No,Yes,Yes,3,B11,E3,6,3,4,3
Treatment,W,108883,No,Yes,No,3,P42,E4,5,3,4,3
Treatment,W,108883,Yes,Yes,No,3,P42,E5,5,3,4,3
Treatment,W,108883,Yes,No,No,3,P42,E1,5,3,4,3
Treatment,W,108883,Yes,Yes,No,3,P42,E6,5,3,4,3
Treatment,W,108883,Yes,Yes,No,3,P42,E6,5,3,4,3
Treatment,W,108883,No,Yes,No,3,B11,E1,6,3,4,3
Treatment,W,108883,No,Yes,No,3,P15,E4,6,3,4,3
Treatment,W,108883,No,No,No,3,P42,E3,5,3,4,3
Treatment,W,108883,No,Yes,No,3,B11,E4,6,3,4,3
Treatment,W,108883,No,Yes,No,3,P42,E4,5,3,4,3
Treatment,W,108883,No,No,No,3,P15,E6,6,3,4,3
Treatment,W,108883,No,No,No,3,C44,E6,7,6,4,3
Treatment,W,108883,No,No,No,2,P15,E6,6,5,4,3
Treatment,W,108883,Yes,Yes,Yes,3,B11,E3,6,3,4,3
Treatment,W,108883,Yes,Yes,Yes,3,P15,E3,6,3,4,3
Treatment,W,100425,Yes,No,No,3,B11,E4,6,6,4,3
Treatment,W,108883,Yes,No,No,3,B11,E4,6,6,4,3
Treatment,W,108883,No,No,No,4,P41,E4,4,3,4,3
Treatment,W,108883,No,No,No,3,P42,E1,6,3,3,2
Treatment,W,108883,No,No,No,3,P41,E5,4,3,3,2
Treatment,W,108883,Yes,No,No,3,B11,E4,6,4,3,8
Treatment,W,108883,No,No,No,2,P42,E4,4,1,3,8
Treatment,W,50000,No,Yes,No,2,F01,E3,5,4,3,8
Treatment,W,100425,Yes,No,No,3,B11,E1,6,3,3,8
Treatment,W,108883,Yes,No,No,3,B11,E1,6,3,3,8
Treatment,W,108883,No,No,No,2,B11,E1,6,4,3,8
Treatment,W,108883,Yes,No,No,4,B11,E4,6,6,3,8
Treatment,W,100425,Yes,No,No,4,B31,E6,6,4,3,8
Treatment,W,108883,Yes,No,No,4,B31,E1,6,4,3,8
Treatment,W,100425,No,Yes,Yes,3,P42,E3,4,3,3,8
Treatment,W,100425,No,Yes,Yes,3,P42,E4,4,3,3,8
Treatment,W,108883,No,Yes,No,3,P42,E5,4,3,3,8
Treatment,W,108883,No,Yes,No,3,P42,E4,4,3,3,8
Treatment,W,50000,No,No,Yes,3,B11,E3,7,7,7,7
Treatment,W,50000,No,No,No,2,P01,E6,7,5,7,7
Treatment,W,108883,No,No,No,3,P21,E4,4,2,6,7
Treatment,W,108883,No,No,No,2,B11,E5,6,4,6,7
Treatment,W,108883,No,No,No,3,B11,E4,6,3,6,7
Treatment,W,108883,No,No,No,4,P41,E5,4,4,6,7
Treatment,W,100425,No,No,No,3,B11,E5,5,3,6,7
Treatment,W,100425,No,No,No,4,B11,E4,6,3,6,7
Treatment,W,108883,No,No,No,2,P21,E1,4,1,6,7
Treatment,W,108883,No,No,No,3,B11,E5,6,2,6,7
Treatment,W,108883,No,No,No,3,B11,E3,6,3,6,7
Treatment,W,108883,No,No,No,3,P15,E3,6,2,6,7
Treatment,W,100425,No,No,No,4,C11,E6,5,4,6,7
Treatment,W,100425,No,Yes,No,3,B11,E5,6,3,6,7
Treatment,W,50000,Yes,Yes,No,3,B11,E4,5,3,6,7
Treatment,W,108883,No,No,No,2,B11,E5,6,2,6,7
Treatment,W,50000,Yes,No,No,1,F01,E3,5,5,6,7
Treatment,W,50000,Yes,No,No,3,F01,E3,5,5,6,7
Treatment,W,108883,No,No,No,3,P21,E3,4,2,6,7
Treatment,W,100425,No,No,No,3,B11,E3,6,3,6,7
Treatment,W,108883,Yes,No,No,3,B11,E3,6,3,6,7
Treatment,W,100425,Yes,No,No,4,B11,E6,6,4,6,7
Treatment,W,50000,No,No,No,3,C11,E6,5,3,6,7
Treatment,W,100425,No,No,No,3,P41,E4,4,3,4,4
Treatment,W,100425,No,No,No,3,B11,E1,6,4,4,4
Treatment,W,108883,No,No,No,3,P41,E4,4,1,4,4
Treatment,W,108883,No,No,No,3,P42,E5,5,3,4,4
Treatment,W,50000,No,No,No,3,P21,E5,4,3,4,4
Treatment,W,108883,No,No,No,3,P41,E4,4,3,4,4
Treatment,W,100425,No,No,No,1,P13,E3,6,3,4,4
Treatment,W,108883,No,No,No,3,P01,E6,7,4,4,4
Treatment,W,100425,No,No,No,3,B11,E3,6,3,4,4
Treatment,W,100425,No,No,No,4,P41,E5,4,3,4,4
Treatment,W,108883,No,No,No,3,P21,E4,4,3,4,4
Treatment,W,100425,No,No,No,3,P11,E6,7,3,4,4
Treatment,W,108883,No,No,No,3,P15,E4,5,4,4,4
Treatment,W,100425,No,No,No,3,C11,E3,4,3,4,4
Treatment,W,108883,No,No,No,3,P21,E3,4,2,4,4
Treatment,W,108883,No,No,No,3,C11,E6,6,3,4,1
Treatment,W,100425,No,No,No,4,B11,E1,6,3,4,1
Treatment,W,100425,No,No,No,3,B11,E3,6,3,4,1
Treatment,W,100425,No,No,No,3,B11,E1,6,3,4,1
Treatment,W,108883,No,No,No,3,B11,E1,6,5,4,1
Treatment,W,50000,No,No,No,1,B11,E4,4,3,6,7
Treatment,W,108883,Yes,No,No,2,F01,E1,5,10,6,7
Treatment,W,50000,Yes,No,No,3,F01,E1,5,10,6,7
Treatment,W,50000,Yes,No,No,1,B11,E3,4,2,6,7
Treatment,W,108883,No,No,No,1,B11,E5,4,2,9,10
Treatment,W,108883,No,No,No,2,P42,E3,5,2,9,10
Treatment,W,108883,Yes,No,No,2,F01,E3,5,4,9,10
Treatment,W,108883,No,Yes,No,2,P41,E3,4,2,9,10
Treatment,W,108883,No,No,No,2,P42,E1,5,4,5,5
Treatment,W,108883,No,No,No,3,P42,E4,5,4,5,5
Treatment,W,108883,No,No,No,3,P41,E4,4,2,5,5
Treatment,W,108883,No,No,No,2,B11,E4,5,3,5,5
Treatment,W,108883,Yes,No,No,4,P12,E6,6,4,5,5
Treatment,W,108883,No,No,No,2,P42,E4,5,4,5,5
Treatment,W,108883,No,No,No,2,B11,E4,5,4,5,5
Treatment,W,108883,No,No,No,4,B11,E1,5,2,5,5
Treatment,W,108883,No,No,No,3,P41,E4,4,3,6,7
Treatment,W,108883,No,No,No,3,P21,E1,4,3,5,5
Treatment,W,108883,No,No,Yes,4,P41,E3,4,2,8,9
Treatment,W,108883,No,No,No,3,P41,E5,5,3,4,5
Treatment,W,50000,No,No,No,3,B11,E1,6,2,4,5
Treatment,W,108883,No,No,No,4,B11,E5,6,3,4,5
Treatment,W,50000,No,No,No,4,C11,E6,5,3,4,5
Treatment,W,50000,No,No,No,4,C11,E6,5,4,4,5
Treatment,W,100425,No,No,No,3,P21,E5,6,4,8,10
Treatment,W,50000,No,No,No,2,P01,E6,7,2,6,7
Treatment,W,108883,No,No,No,1,B11,E5,7,1,5,6
Treatment,W,108883,No,No,No,3,B11,E3,4,1,5,5
Treatment,W,50000,No,No,No,1,C31,E3,4,3,3,3
Treatment,W,50000,No,No,No,2,C11,E5,4,3,3,3
Treatment,W,50000,No,No,No,3,P01,E6,7,2,3,3
Treatment,L,108883,No,Yes,No,1,P15,E4,6,3,9,10
Treatment,L,108883,No,No,No,3,P42,E3,5,3,9,10
Treatment,L,108883,No,No,No,2,P15,E5,6,3,9,10
Treatment,L,50000,No,No,No,1,F51,E3,5,3,6,6
Treatment,L,108883,No,No,No,1,F01,E3,5,3,6,6
Treatment,L,50000,No,Yes,No,2,F01,E3,5,4,6,6
Treatment,L,108883,Yes,No,No,2,F11,E1,5,9,6,6
Treatment,L,100425,Yes,No,No,1,F11,E1,5,4,6,6
Treatment,L,108883,Yes,No,No,1,F11,E1,5,4,6,6
Treatment,L,50000,Yes,No,No,1,F11,E1,5,4,6,6
Treatment,L,108883,Yes,No,No,1,F01,E1,5,9,5,6
Treatment,L,100425,Yes,Yes,No,1,F11,E1,5,9,5,6
Treatment,L,100425,Yes,Yes,Yes,2,F11,E3,5,9,1,9
Treatment,L,108883,Yes,Yes,No,2,F11,E3,5,9,1,9
Treatment,L,50000,No,No,Yes,3,F11,E1,5,9,1,9
Treatment,L,108883,Yes,No,No,4,P21,E3,6,3,7,9
Treatment,L,108883,No,No,No,1,F01,E1,5,3,7,9
Treatment,L,108883,No,No,No,1,F01,E3,5,4,7,8
Treatment,L,100425,No,No,No,1,F11,E1,4,4,7,8
Treatment,L,108883,No,No,No,1,F11,E1,4,4,7,8
Treatment,L,50000,No,No,No,2,C11,E5,5,3,7,8
Treatment,L,108883,No,No,No,1,F11,E3,4,2,7,8
Treatment,L,50000,No,No,No,1,F11,E6,4,3,7,8
Treatment,L,108883,Yes,No,Yes,2,F11,E3,5,4,3,3
Treatment,L,50000,Yes,No,No,2,F11,E3,5,4,3,3
Treatment,L,50000,No,Yes,Yes,3,F11,E1,6,9,7,5
Treatment,L,100425,Yes,No,No,2,F11,E3,4,4,5,9
Treatment,L,108883,Yes,No,No,1,F01,E1,5,10,6,7
Treatment,L,108883,No,No,No,4,B11,E4,5,1,6,6
Treatment,L,108883,No,No,No,1,F01,E3,5,3,6,6
Treatment,L,50000,Yes,No,No,2,F01,E1,5,3,5,5
Treatment,L,100425,No,No,No,3,F11,E1,6,9,5,5
Treatment,L,108883,No,No,No,2,F71,E3,6,2,6,6
Treatment,L,108883,No,No,No,1,F71,E5,4,1,6,9
Treatment,A,50000,Yes,No,No,3,A03,E6,6,4,3,6
Treatment,A,100425,No,No,No,1,A01,E4,3,3,3,6
Treatment,A,100425,No,No,No,1,A04,E3,5,3,3,6
Treatment,A,50000,Yes,No,No,3,A03,E6,6,5,3,6
Treatment,A,50000,Yes,No,No,3,A03,E6,6,4,3,6
Treatment,A,50000,Yes,Yes,No,3,A03,E6,5,5,3,6
Treatment,A,108883,No,No,No,1,A01,E5,3,1,3,6
Treatment,A,108883,No,No,No,1,A02,E5,6,1,3,4
Treatment,A,50000,No,No,No,2,F71,E3,5,3,5,5
Treatment,A,108883,No,No,No,2,F81,E3,5,1,1,6
Treatment,A,108883,No,No,No,2,A01,E4,5,1,5,5
Treatment,A,108883,No,No,No,1,F71,E3,6,1,5,5
Treatment,A,108883,No,No,No,2,F71,E4,6,1,5,5
Treatment,A,108883,No,No,No,4,A02,E4,6,1,5,5
Treatment,A,50000,No,No,No,4,F71,E4,6,2,5,5
Treatment,A,50000,No,No,No,3,F71,E4,5,2,4,6
Treatment,A,50000,No,Yes,No,4,A05,E6,5,2,4,4
Treatment,A,50000,No,Yes,Yes,3,A03,E6,7,2,4,4
Treatment,A,50000,Yes,No,No,1,F81,E4,6,3,3,3
Treatment,A,50000,Yes,No,No,4,A05,E6,7,2,3,3
Treatment,A,50000,Yes,No,No,3,A05,E6,7,2,3,3
Treatment,A,50000,Yes,No,No,3,B11,E4,6,2,3,3
Treatment,A,50000,Yes,No,No,2,A03,E5,7,2,3,3
Treatment,A,50000,Yes,No,No,3,A05,E6,7,2,3,3
Treatment,A,50000,Yes,No,No,4,A03,E6,7,4,3,3
Treatment,A,50000,Yes,No,No,3,B11,E4,6,4,3,3
Treatment,A,50000,No,No,No,3,F71,E3,6,2,3,3
Treatment,A,50000,Yes,No,No,3,B11,E5,6,2,3,3
Treatment,A,50000,Yes,No,No,3,A02,E5,6,2,3,3
Treatment,A,50000,Yes,No,No,5,A03,E4,7,2,3,3
Treatment,A,50000,Yes,No,No,3,A06,E6,6,2,3,3
Treatment,A,50000,Yes,No,No,3,A03,E6,7,4,4,3
Treatment,A,50000,No,No,No,3,F71,E5,5,2,4,3
Treatment,A,50000,Yes,No,No,4,A03,E6,7,6,4,3
Treatment,A,50000,Yes,No,No,3,A03,E6,7,6,4,3
Treatment,A,50000,Yes,No,No,4,A05,E6,6,6,4,3
Treatment,A,50000,Yes,No,No,3,A03,E6,7,4,4,3
Treatment,A,50000,Yes,No,No,3,A05,E6,6,4,4,3
Treatment,A,50000,Yes,No,No,3,A03,E6,7,6,4,3
Treatment,A,50000,Yes,No,No,4,A03,E6,7,6,4,3
Treatment,A,50000,Yes,No,No,4,A05,E6,6,7,4,3
Treatment,A,50000,Yes,No,No,3,F19,E1,5,4,4,3
Treatment,A,50000,Yes,No,No,3,A03,E6,7,7,4,3
Treatment,A,50000,Yes,No,No,4,A03,E6,7,7,4,3
Treatment,A,50000,Yes,No,No,4,A05,E6,6,6,4,3
Treatment,A,50000,No,Yes,No,3,A03,E5,7,3,4,3
Treatment,A,108883,No,Yes,No,2,F71,E4,5,1,4,3
Treatment,A,108883,No,Yes,No,3,F81,E4,6,4,4,3
Treatment,A,50000,No,Yes,No,3,F81,E4,6,4,4,3
Treatment,A,50000,No,Yes,No,4,F81,E4,6,4,4,3
Treatment,A,50000,Yes,No,No,3,A03,E4,7,4,4,3
Treatment,A,50000,Yes,No,No,3,A03,E6,7,4,4,3
Treatment,A,50000,Yes,No,No,4,A05,E6,6,4,4,3
Treatment,A,50000,No,Yes,No,3,A03,E5,7,3,4,3
Treatment,A,108883,No,Yes,No,2,F71,E4,4,1,4,3
Treatment,A,50000,No,No,No,2,F71,E5,5,2,4,3
Treatment,A,50000,Yes,No,No,4,A03,E6,7,4,4,3
Treatment,A,50000,Yes,No,No,4,A05,E6,6,4,4,3
Treatment,A,50000,Yes,No,No,3,A05,E6,6,4,4,3
Treatment,A,50000,Yes,No,No,5,A03,E6,7,7,4,3
Treatment,A,108883,No,No,No,2,F71,E5,5,1,6,6
Treatment,A,108883,No,No,No,3,F71,E4,5,1,5,5
Treatment,A,108883,No,No,No,3,F71,E1,5,1,5,5
Treatment,A,108883,No,No,No,2,F71,E3,5,1,5,5
Treatment,A,108883,No,No,No,1,F71,E4,5,1,5,5
Treatment,A,108883,No,No,No,3,F71,E5,5,1,5,5
Treatment,A,108883,No,No,No,2,F71,E5,5,1,5,5
Treatment,A,108883,No,No,No,1,P21,E3,6,1,5,5
Treatment,A,108883,No,No,No,1,F71,E5,4,1,5,5
Treatment,A,108883,No,No,No,1,F71,E4,4,1,4,3
Treatment,A,108883,No,No,No,2,F71,E4,5,1,4,3
Treatment,A,108883,No,No,No,3,F71,E4,5,3,4,3
Treatment,A,108883,No,No,No,2,F81,E4,4,1,4,3
Treatment,A,108883,No,No,No,2,F71,E4,4,1,4,3
Treatment,A,108883,No,No,No,2,F71,E4,6,1,4,3
Treatment,A,108883,No,No,No,1,F71,E3,6,1,4,3
Treatment,A,108883,No,No,No,2,F71,E5,6,1,4,3
Treatment,A,108883,No,No,No,2,F71,E5,6,2,4,3
Treatment,A,108883,No,No,No,2,P21,E5,6,1,4,3
Treatment,A,108883,No,No,No,1,F71,E3,4,1,4,3
Treatment,A,108883,No,No,No,1,F71,E4,4,1,4,3
Treatment,A,108883,No,No,No,1,F71,E4,6,3,4,3
Treatment,A,108883,No,No,No,1,F71,E3,6,3,4,3
Treatment,A,108883,No,No,No,1,F71,E3,3,3,4,3
Treatment,A,108883,No,No,No,1,F71,E3,4,1,4,3
Treatment,A,108883,No,No,No,1,F71,E3,4,3,4,3
Treatment,A,108883,No,No,No,2,F71,E4,6,1,4,3
Treatment,A,108883,No,No,No,2,F81,E4,4,1,4,3
Treatment,A,108883,No,No,No,2,F71,E4,5,2,4,3
Treatment,A,108883,No,No,No,1,F71,E4,4,3,4,3
Treatment,A,108883,No,No,No,2,F71,E4,5,1,4,3
Treatment,A,108883,No,No,No,2,F81,E4,4,1,4,3
Treatment,A,50000,No,No,No,1,F71,E4,4,2,4,3
Treatment,A,108883,No,No,No,1,A04,E4,5,2,4,3
Treatment,A,108883,No,No,No,2,F81,E4,4,1,4,3
Treatment,A,108883,No,No,No,2,P21,E3,6,1,4,3
Treatment,A,50000,No,No,No,2,F71,E5,6,2,4,3
Treatment,A,50000,No,No,No,3,F71,E5,6,2,4,3
Treatment,A,50000,No,No,No,3,F71,E3,6,2,4,3
Treatment,A,108883,No,No,No,2,F71,E4,5,3,4,6
Treatment,A,108883,No,No,No,3,A01,E4,6,1,4,6
Treatment,A,108883,No,No,No,2,P21,E4,5,1,4,4
Treatment,A,108883,No,No,No,4,F81,E4,7,1,4,4
Treatment,A,108883,No,No,No,2,F71,E3,5,2,4,4
Treatment,A,108883,No,No,No,1,F71,E3,5,1,4,4
Treatment,A,108883,No,No,No,2,A04,E4,5,4,4,4
Treatment,A,108883,No,No,No,2,F81,E5,5,2,6,6
Treatment,A,108883,No,No,No,2,F81,E3,5,2,6,6
Treatment,A,108883,No,No,No,2,A04,E4,5,1,6,6
Treatment,A,108883,No,No,No,2,F71,E3,5,1,6,6
Treatment,A,108883,No,No,No,2,P21,E5,6,1,6,6
Treatment,A,108883,No,No,No,2,P21,E5,6,1,6,6
Treatment,A,108883,No,No,No,1,P21,E3,6,3,6,6
Treatment,A,108883,No,No,No,2,F71,E4,5,2,4,6
Treatment,A,108883,No,No,No,2,P21,E5,5,1,3,6
Treatment,A,108883,No,Yes,No,3,A01,E6,6,3,4,5
Treatment,A,108883,No,Yes,No,1,A04,E6,2,3,4,5
Treatment,A,108883,No,Yes,No,3,P21,E3,6,2,4,5
Treatment,A,108883,No,No,No,4,A04,E4,2,3,4,5
Treatment,A,108883,No,No,No,1,A01,E4,6,7,4,5
Treatment,A,108883,No,No,No,2,A01,E5,6,3,4,5
Treatment,A,108883,No,No,No,2,A01,E3,6,3,4,5
Treatment,A,108883,No,No,No,2,P21,E4,6,3,4,5
Treatment,A,108883,Yes,No,No,2,A01,E3,6,5,4,5
Treatment,A,108883,No,No,Yes,3,A04,E4,2,3,4,5
Treatment,A,108883,No,No,No,1,A01,E4,6,4,4,5
Treatment,A,108883,No,No,No,4,A04,E4,2,3,4,5
Treatment,A,108883,Yes,No,No,2,A01,E3,6,6,4,5
Treatment,A,100425,No,No,No,3,F71,E3,5,3,4,5
Treatment,A,108883,Yes,No,No,2,F71,E3,5,3,4,5
Treatment,A,108883,Yes,No,No,1,F71,E3,5,3,4,5
Treatment,A,108883,Yes,No,No,2,P21,E3,6,3,4,5
Treatment,A,108883,No,No,No,2,A01,E4,4,3,4,5
Treatment,A,108883,No,No,No,1,A01,E3,6,6,4,5
Treatment,A,108883,No,No,No,1,F71,E3,5,7,4,5
Treatment,A,108883,No,No,No,1,P21,E5,6,3,4,5
Treatment,A,108883,No,Yes,No,2,A01,E5,6,3,4,5
Treatment,A,108883,No,Yes,Yes,1,A01,E4,6,4,4,5
Treatment,A,108883,No,Yes,Yes,1,A04,E4,2,3,4,5
Treatment,A,108883,Yes,Yes,Yes,2,A01,E4,6,4,4,5
Treatment,A,108883,No,No,No,2,A01,E3,6,4,4,5
Treatment,A,108883,No,No,No,1,A01,E4,6,6,4,5
Treatment,A,108883,No,No,No,3,A04,E4,2,4,4,5
Treatment,A,108883,No,No,No,2,A01,E4,6,4,4,5
Treatment,A,108883,No,No,No,1,A01,E4,6,6,4,5
Treatment,A,108883,No,No,No,1,A04,E4,2,3,4,5
Treatment,A,108883,No,No,No,1,F71,E4,5,3,4,5
Treatment,A,108883,Yes,Yes,No,2,A01,E4,6,4,4,5
Treatment,A,108883,No,No,No,2,A01,E4,6,4,4,5
Treatment,A,108883,No,No,No,3,A01,E3,6,4,4,5
Treatment,A,108883,Yes,Yes,Yes,2,A01,E3,6,6,4,5
Treatment,A,108883,No,No,No,1,A04,E4,2,3,4,5
Treatment,A,100425,No,No,No,3,A01,E4,6,4,4,5
Treatment,A,108883,No,No,No,2,A01,E4,6,4,4,5
Treatment,A,108883,No,No,No,3,A01,E4,6,6,4,5
Treatment,A,108883,No,No,No,2,A01,E4,6,4,4,5
Treatment,A,108883,No,No,No,2,A01,E4,6,3,4,5
Treatment,A,108883,Yes,No,No,2,A01,E4,6,3,4,5
Treatment,A,100425,No,Yes,No,1,A01,E3,4,4,4,5
Treatment,A,108883,Yes,No,No,1,A01,E3,4,4,4,5
Treatment,A,108883,Yes,No,No,2,A01,E3,6,2,4,5
Treatment,A,108883,No,No,No,2,A01,E3,6,6,4,5
Treatment,A,108883,No,No,No,1,A01,E3,6,6,4,5
Treatment,A,108883,No,Yes,No,2,A01,E4,6,4,4,5
Treatment,A,108883,No,Yes,No,2,A04,E4,2,3,4,5
Treatment,A,100425,No,No,No,1,A01,E4,6,7,4,5
Treatment,A,108883,No,Yes,No,1,A01,E4,6,7,4,5
Treatment,A,108883,No,No,No,2,A01,E4,6,3,4,5
Treatment,A,108883,No,No,No,2,P21,E4,6,3,4,5
Treatment,A,108883,Yes,Yes,Yes,3,A01,E3,6,5,4,5
Treatment,A,108883,Yes,Yes,Yes,3,A03,E6,6,3,4,5
Treatment,A,108883,No,Yes,No,3,A01,E3,6,3,4,5
Treatment,A,108883,No,No,No,3,A01,E3,6,7,4,5
Treatment,A,108883,No,No,No,3,F71,E4,5,7,4,5
Treatment,A,108883,No,Yes,Yes,1,A01,E4,6,5,4,5
Treatment,A,108883,Yes,No,Yes,3,A01,E4,6,5,4,5
Treatment,A,108883,Yes,Yes,No,3,A01,E4,6,4,4,5
Treatment,A,108883,No,No,No,1,A01,E4,6,5,4,5
Treatment,A,108883,No,No,No,1,A04,E5,2,3,4,5
Treatment,A,100425,No,No,No,2,A01,E4,6,3,4,5
Treatment,A,108883,No,No,No,2,A01,E4,6,3,4,5
Treatment,A,100425,No,Yes,No,3,F71,E4,4,3,4,5
Treatment,A,108883,No,No,No,1,F71,E4,5,3,4,5
Treatment,A,108883,No,No,No,2,A01,E4,6,4,4,5
Treatment,A,100425,No,No,No,1,A01,E4,5,4,4,5
Treatment,A,108883,No,No,No,1,A01,E4,6,4,4,5
Treatment,A,108883,No,No,No,1,A04,E5,2,3,4,5
Treatment,A,108883,No,No,No,1,A03,E5,4,3,4,5
Treatment,A,108883,Yes,Yes,No,3,A01,E4,6,4,4,5
Treatment,A,108883,Yes,No,No,2,A01,E4,6,7,4,5
Treatment,A,108883,No,Yes,Yes,2,A01,E4,6,4,4,5
Treatment,A,100425,No,No,No,3,P21,E5,6,3,4,5
Treatment,A,108883,No,No,No,3,P21,E5,6,3,4,5
Treatment,A,108883,No,Yes,No,2,A01,E4,6,3,4,5
Treatment,A,108883,No,Yes,No,3,A01,E4,6,6,4,5
Treatment,A,108883,No,Yes,No,1,P21,E1,6,3,4,5
Treatment,A,108883,No,Yes,No,3,A01,E4,6,3,4,5
Treatment,A,108883,No,Yes,No,3,P21,E4,6,3,4,5
Treatment,A,108883,No,No,No,2,A01,E4,6,4,4,5
Treatment,A,108883,No,No,No,2,A01,E4,6,4,4,5
Treatment,A,108883,No,No,No,2,A01,E4,6,3,4,5
Treatment,A,108883,No,No,No,2,P21,E5,6,3,4,5
Treatment,A,108883,No,No,No,4,A01,E4,6,5,4,5
Treatment,A,108883,Yes,No,No,3,F71,E5,5,3,4,5
Treatment,A,108883,Yes,No,No,1,F71,E3,5,3,4,5
Treatment,A,108883,Yes,No,No,3,P21,E5,6,3,4,5
Treatment,A,108883,Yes,No,No,2,P21,E5,6,3,4,5
Treatment,A,108883,Yes,No,Yes,5,A01,E4,6,7,4,5
Treatment,A,100425,No,No,Yes,3,F71,E4,5,6,4,5
Treatment,A,108883,Yes,No,Yes,2,F71,E4,5,6,4,5
Treatment,A,100425,No,No,Yes,3,P21,E3,6,3,4,5
Treatment,A,108883,Yes,No,Yes,2,P21,E3,6,3,4,5
Treatment,A,108883,No,Yes,Yes,3,A02,E5,6,1,4,5
Treatment,A,108883,No,No,No,4,P21,E5,6,4,4,5
Treatment,A,108883,No,No,No,2,A01,E3,6,5,4,5
Treatment,A,108883,Yes,No,No,1,A04,E5,2,3,4,5
Treatment,A,108883,No,Yes,No,3,A01,E3,4,6,4,5
Treatment,A,108883,No,Yes,No,2,A01,E3,6,7,4,5
Treatment,A,108883,No,Yes,No,3,P21,E5,6,7,4,5
Treatment,A,108883,No,Yes,No,3,P21,E4,6,3,4,5
Treatment,A,108883,No,No,No,2,A03,E4,6,4,4,5
Treatment,A,108883,No,No,No,2,F71,E4,5,4,4,5
Treatment,A,100425,Yes,No,No,3,A01,E3,6,7,4,5
Treatment,A,108883,Yes,No,No,3,A01,E3,6,7,4,5
Treatment,A,100425,Yes,No,No,3,P21,E4,6,6,4,5
Treatment,A,108883,Yes,No,No,3,P21,E4,6,6,4,5
Treatment,A,108883,No,No,No,2,A01,E4,6,7,4,5
Treatment,A,108883,No,No,No,2,A01,E5,6,7,4,5
Treatment,A,108883,No,No,No,2,A01,E3,6,5,4,5
Treatment,A,108883,No,No,No,5,A03,E6,6,3,4,5
Treatment,A,108883,No,No,No,2,A01,E4,4,4,8,8
Treatment,A,108883,Yes,Yes,No,2,A01,E4,3,5,7,7
Treatment,A,108883,No,No,No,2,A01,E5,5,1,7,7
Treatment,A,108883,No,No,No,4,A05,E6,7,7,7,7
Treatment,A,108883,No,No,No,2,A01,E4,5,5,7,7
Treatment,A,108883,No,No,No,3,A01,E4,5,3,7,7
Treatment,A,100425,Yes,No,No,2,A03,E5,6,7,4,4
Treatment,A,108883,Yes,No,No,2,A03,E5,6,7,4,4
Treatment,A,50000,No,No,No,4,A03,E5,6,5,4,4
Treatment,A,108883,Yes,No,No,2,A04,E5,5,5,4,4
Treatment,A,108883,Yes,No,No,2,A04,E4,5,5,4,4
Treatment,A,108883,Yes,No,No,2,F71,E4,5,5,4,4
Treatment,A,108883,Yes,No,No,3,A04,E5,5,4,4,4
Treatment,A,50000,Yes,No,No,3,A04,E5,5,4,4,4
Treatment,A,108883,Yes,No,No,3,A01,E4,6,4,4,4
Treatment,A,108883,Yes,No,No,3,F71,E3,5,4,4,4
Treatment,A,100425,No,No,No,3,A03,E5,6,7,4,4
Treatment,A,108883,No,No,No,2,A03,E4,6,7,4,4
Treatment,A,108883,No,No,No,1,A01,E4,6,5,4,4
Treatment,A,100425,Yes,No,No,2,A01,E4,6,4,4,4
Treatment,A,108883,Yes,No,No,2,A01,E4,6,4,4,4
Treatment,A,50000,No,No,No,3,A04,E4,5,3,4,4
Treatment,A,100425,No,Yes,No,2,A01,E3,4,4,4,4
Treatment,A,108883,No,No,No,2,A01,E3,4,4,4,4
Treatment,A,100425,No,No,No,2,A01,E3,6,5,4,4
Treatment,A,100425,Yes,No,No,3,A01,E3,6,5,4,4
Treatment,A,108883,Yes,No,No,2,A01,E3,6,5,4,4
Treatment,A,100425,No,No,No,3,A03,E4,6,3,4,4
Treatment,A,108883,Yes,No,No,3,A03,E3,6,3,4,4
Treatment,A,100425,No,No,No,1,A01,E4,6,5,4,4
Treatment,A,108883,Yes,No,No,1,A01,E4,6,5,4,4
Treatment,A,108883,Yes,No,No,1,A02,E5,4,3,4,4
Treatment,A,100425,No,No,No,2,A04,E4,5,3,4,4
Treatment,A,108883,Yes,No,No,2,A04,E4,5,3,4,4
Treatment,A,100425,No,No,No,3,A01,E3,6,5,4,4
Treatment,A,108883,No,No,No,3,A01,E3,5,5,4,4
Treatment,A,100425,Yes,Yes,No,2,A01,E3,6,4,4,4
Treatment,A,108883,Yes,Yes,No,2,A01,E3,6,4,4,4
Treatment,A,108883,No,No,No,1,A02,E5,4,3,4,4
Treatment,A,108883,Yes,No,No,2,A01,E3,6,5,4,4
Treatment,A,100425,No,Yes,No,2,A01,E4,4,4,4,4
Treatment,A,108883,No,No,No,1,A01,E4,4,4,4,4
Treatment,A,108883,No,No,No,3,F71,E3,5,4,4,4
Treatment,A,50000,Yes,No,No,2,F71,E3,5,4,4,4
Treatment,A,50000,No,Yes,No,2,F71,E3,5,5,4,4
Treatment,A,100425,No,No,No,2,F71,E4,4,5,4,4
Treatment,A,108883,Yes,No,No,2,F71,E4,4,5,4,4
Treatment,A,108883,No,No,No,2,A01,E4,6,1,4,4
Treatment,A,100425,No,Yes,No,2,A01,E4,6,4,4,4
Treatment,A,108883,No,Yes,No,1,A01,E4,6,4,4,4
Treatment,A,108883,Yes,No,No,1,A01,E4,6,5,4,4
Treatment,A,100425,No,No,No,3,A01,E4,6,6,4,4
Treatment,A,108883,No,Yes,No,2,A01,E3,6,6,4,4
Treatment,A,100425,No,No,No,2,A01,E4,6,5,4,4
Treatment,A,108883,No,No,No,2,A01,E4,6,5,4,4
Treatment,A,100425,No,No,No,2,A01,E4,6,4,4,4
Treatment,A,108883,No,No,No,3,A01,E4,6,4,4,4
Treatment,A,100425,No,No,No,2,A01,E4,6,4,4,4
Treatment,A,108883,No,No,No,2,A01,E4,6,4,4,4
Treatment,A,50000,Yes,No,No,2,A01,E4,6,4,4,4
Treatment,A,108883,No,No,No,2,F71,E3,5,5,4,4
Treatment,A,50000,Yes,No,No,2,F71,E3,5,5,4,4
Treatment,A,108883,No,No,No,2,A01,E4,6,4,4,4
Treatment,A,50000,No,No,No,3,A01,E4,6,3,4,4
Treatment,A,108883,Yes,No,No,1,A01,E4,6,4,4,4
Treatment,A,108883,No,Yes,No,1,A01,E4,6,5,4,4
Treatment,A,100425,Yes,Yes,No,4,A01,E4,6,6,4,4
Treatment,A,108883,Yes,Yes,No,2,A01,E4,6,6,4,4
Treatment,A,108883,Yes,Yes,No,3,A01,E4,6,6,4,4
Treatment,A,100425,Yes,No,No,1,F71,E4,5,4,4,4
Treatment,A,108883,Yes,No,No,2,F71,E4,5,4,4,4
Treatment,A,108883,No,Yes,No,2,A01,E3,6,5,4,4
Treatment,A,108883,No,Yes,No,2,A01,E4,6,5,4,4
Treatment,A,100425,Yes,No,No,1,A01,E4,5,5,4,4
Treatment,A,108883,No,No,No,1,A01,E4,5,5,4,4
Treatment,A,100425,No,Yes,No,2,A01,E3,6,5,4,4
Treatment,A,108883,Yes,No,No,1,A01,E4,6,5,4,4
Treatment,A,100425,No,Yes,No,2,A01,E3,6,4,4,4
Treatment,A,108883,No,Yes,No,2,A01,E3,6,4,4,4
Treatment,A,108883,No,No,No,2,A03,E5,6,3,4,4
Treatment,A,50000,No,No,No,1,A01,E4,4,2,5,5
Treatment,A,108883,No,No,No,1,A02,E5,6,1,6,6
Treatment,A,50000,Yes,No,No,3,F71,E4,5,3,6,6
Treatment,A,108883,Yes,Yes,No,1,P21,E5,6,9,5,6
Treatment,A,50000,Yes,No,No,3,A03,E6,4,4,5,6
Treatment,A,100425,Yes,Yes,No,1,A01,E4,3,4,5,6
Treatment,A,50000,No,No,No,3,A03,E6,6,5,5,6
Treatment,A,50000,No,No,No,2,A03,E5,6,4,5,6
Treatment,A,108883,No,No,No,2,F71,E3,4,1,5,6
Treatment,A,50000,No,No,No,3,P12,E3,6,2,5,6
Treatment,A,108883,No,No,No,3,A03,E4,6,2,5,6
Treatment,A,108883,No,No,No,2,A03,E5,6,2,5,6
Treatment,A,108883,No,No,No,1,A01,E4,4,4,5,6
Treatment,A,50000,No,No,No,1,A03,E4,6,2,5,6
Treatment,A,50000,No,No,No,2,A03,E1,6,2,5,6
Treatment,A,50000,Yes,Yes,No,3,A03,E5,6,4,2,6
Treatment,A,100425,No,No,No,4,A02,E5,6,3,2,6
Treatment,A,100425,No,No,No,3,A01,E4,6,3,2,6
Treatment,A,100425,No,No,No,2,F71,E4,6,3,2,6
Treatment,A,100425,No,No,No,1,P21,E4,6,3,2,6
Treatment,A,100425,No,No,No,3,P21,E4,6,3,2,6
Treatment,A,108883,Yes,No,No,2,A01,E3,6,4,7,6
Treatment,A,108883,Yes,No,No,3,A01,E3,6,4,7,6
Treatment,A,108883,Yes,No,No,4,P21,E3,6,3,7,6
Treatment,A,108883,No,Yes,No,1,A03,E4,4,2,7,6
Treatment,A,50000,No,No,No,2,A03,E4,4,2,7,6
Treatment,A,108883,Yes,No,No,2,A03,E5,4,3,7,6
Treatment,A,108883,Yes,No,No,2,A04,E4,5,4,7,6
Treatment,A,50000,No,No,No,2,A03,E4,4,4,7,6
Treatment,A,108883,No,No,No,2,A03,E5,4,2,7,6
Treatment,A,108883,No,No,No,1,A01,E4,6,3,7,6
Treatment,A,108883,No,No,No,3,A03,E4,4,3,7,6
Treatment,A,108883,No,No,No,4,A01,E4,5,7,2,1
Treatment,A,50000,Yes,Yes,Yes,4,A03,E5,6,5,2,1
Treatment,A,50000,Yes,Yes,No,3,A03,E5,6,5,2,1
Treatment,A,50000,Yes,No,No,3,A03,E4,6,5,2,1
Treatment,A,50000,Yes,Yes,Yes,3,A03,E5,6,2,2,1
Treatment,A,108883,No,No,No,5,A01,E1,7,1,2,1
Treatment,A,50000,Yes,No,No,2,A03,E3,6,2,2,1
Treatment,A,50000,No,No,No,1,A03,E4,6,2,4,4
Treatment,A,108883,No,No,No,1,A03,E4,6,2,4,4
Treatment,A,50000,No,No,No,3,F71,E5,5,2,4,4
Treatment,A,108883,No,No,No,3,A03,E4,6,3,4,4
Treatment,A,108883,No,No,Yes,2,A01,E4,6,1,4,4
Treatment,A,108883,No,No,No,1,A01,E3,3,3,4,4
Treatment,A,108883,No,No,No,1,A02,E5,3,4,4,4
Treatment,A,108883,No,No,No,2,F71,E3,5,4,4,4
Treatment,A,108883,No,No,No,2,A03,E5,6,1,4,4
Treatment,A,108883,No,No,No,1,F01,E3,5,1,4,4
Treatment,A,108883,No,No,No,2,F71,E4,5,1,4,4
Treatment,A,108883,No,No,No,2,P21,E5,4,1,4,4
Treatment,A,50000,Yes,No,No,2,F71,E3,5,4,4,4
Treatment,A,108883,Yes,No,No,1,A01,E4,6,5,4,4
Treatment,A,108883,Yes,No,No,5,A01,E4,6,5,4,4
Treatment,A,108883,No,No,No,1,A02,E6,3,1,4,4
Treatment,A,108883,No,No,No,1,A02,E4,3,1,4,4
Treatment,A,108883,No,No,No,1,A02,E5,3,1,4,4
Treatment,A,50000,Yes,Yes,Yes,5,A02,E5,3,2,4,4
Treatment,A,50000,Yes,Yes,Yes,1,A03,E6,6,4,4,4
Treatment,A,50000,Yes,Yes,Yes,5,A03,E5,6,4,4,4
Treatment,A,108883,No,No,No,1,A02,E5,3,3,4,4
Treatment,A,50000,Yes,No,No,5,A03,E5,6,5,4,4
Treatment,A,108883,Yes,No,No,2,A01,E4,6,4,4,4
Treatment,A,50000,No,No,No,2,A02,E5,3,3,4,4
Treatment,A,50000,No,No,No,2,F71,E4,5,2,4,4
Treatment,A,108883,No,No,No,1,A02,E4,3,3,4,4
Treatment,A,108883,No,No,No,2,A02,E5,3,4,4,4
Treatment,A,100425,No,No,No,3,P21,E4,4,3,4,4
Treatment,A,108883,No,No,No,2,A03,E4,6,3,4,4
Treatment,A,50000,No,No,No,4,A03,E5,6,3,4,4
Treatment,A,50000,Yes,No,No,3,F71,E3,5,4,4,4
Treatment,A,108883,No,No,No,3,F71,E3,5,9,4,4
Treatment,A,108883,No,No,No,3,P21,E3,4,1,4,4
Treatment,A,50000,No,Yes,No,2,A01,E4,5,4,4,4
Treatment,A,108883,Yes,No,Yes,2,F71,E4,5,4,4,4
Treatment,A,108883,No,No,No,1,P21,E4,4,2,4,4
Treatment,A,108883,No,No,No,2,F01,E3,4,4,4,4
Treatment,A,100425,No,No,No,1,F41,E4,3,3,4,4
Treatment,A,100425,No,No,No,1,A02,E3,3,3,4,4
Treatment,A,100425,No,No,No,1,A04,E5,3,3,4,4
Treatment,A,50000,No,No,Yes,2,A02,E6,3,2,4,4
Treatment,A,50000,No,No,Yes,3,A03,E5,6,2,4,4
Treatment,A,100425,Yes,No,No,2,A01,E3,6,4,4,4
Treatment,A,108883,Yes,No,No,1,A01,E3,6,4,4,4
Treatment,A,100425,Yes,No,No,2,F71,E3,5,4,4,4
Treatment,A,50000,No,No,No,2,F71,E6,5,2,4,4
Treatment,A,108883,No,No,No,1,A01,E4,6,3,4,4
Treatment,A,50000,No,No,No,2,A01,E4,6,3,4,4
Treatment,A,108883,No,No,No,1,A03,E5,6,3,4,4
Treatment,A,108883,No,No,No,3,F71,E3,5,4,4,4
Treatment,A,108883,No,No,No,3,P21,E5,4,3,4,4
Treatment,A,108883,No,No,No,2,A02,E5,3,2,4,4
Treatment,A,50000,No,No,No,1,A04,E4,3,2,4,4
Treatment,A,100425,No,No,No,1,F71,E3,5,3,4,4
Treatment,A,108883,Yes,Yes,No,1,A02,E5,3,4,4,4
Treatment,A,50000,No,No,No,4,A01,E4,6,3,4,4
Treatment,A,100425,Yes,Yes,No,1,A01,E3,6,5,4,4
Treatment,A,108883,Yes,Yes,No,1,A01,E3,6,5,4,4
Treatment,A,100425,Yes,Yes,No,1,P21,E3,4,3,4,4
Treatment,A,108883,Yes,Yes,No,1,P21,E3,4,3,4,4
Treatment,A,108883,No,No,No,2,A01,E3,5,4,4,4
Treatment,A,108883,No,No,No,2,A01,E4,6,5,4,4
Treatment,A,108883,No,No,No,3,A03,E5,6,4,4,4
Treatment,A,108883,No,Yes,No,3,A01,E5,4,3,4,4
Treatment,A,50000,No,No,No,1,A04,E5,3,3,4,4
Treatment,A,100425,Yes,No,No,3,A01,E3,6,6,4,4
Treatment,A,100425,Yes,No,No,4,A01,E4,6,6,4,4
Treatment,A,108883,Yes,No,Yes,3,A01,E3,6,6,4,4
Treatment,A,108883,Yes,No,Yes,2,A01,E3,6,6,4,4
Treatment,A,108883,Yes,No,Yes,2,A01,E4,6,6,4,4
Treatment,A,108883,Yes,No,Yes,4,A01,E3,6,6,4,4
Treatment,A,108883,No,No,No,3,A01,E3,6,4,4,4
Treatment,A,108883,No,No,No,1,A01,E4,6,4,4,4
Treatment,A,50000,No,Yes,No,2,A01,E3,6,4,4,4
Treatment,A,50000,No,Yes,No,3,A01,E3,6,4,4,4
Treatment,A,108883,No,No,No,3,A03,E6,6,4,4,4
Treatment,A,108883,No,No,No,2,A03,E4,6,4,4,4
Treatment,A,50000,No,Yes,No,2,F71,E3,5,4,4,4
Treatment,A,100425,Yes,Yes,No,2,A02,E4,3,3,4,4
Treatment,A,108883,No,No,No,2,A02,E4,3,3,4,4
Treatment,A,100425,No,Yes,No,2,A01,E4,6,4,4,4
Treatment,A,100425,No,Yes,No,1,A01,E4,6,4,4,4
Treatment,A,108883,Yes,Yes,No,2,A01,E4,6,4,4,4
Treatment,A,108883,Yes,Yes,No,3,A01,E4,6,4,4,4
Treatment,A,108883,Yes,Yes,No,1,A01,E4,6,4,4,4
Treatment,A,50000,No,No,No,5,A01,E4,6,4,4,4
Treatment,A,50000,No,No,No,1,A01,E4,6,2,4,4
Treatment,A,108883,No,No,No,2,A01,E4,4,4,4,4
Treatment,A,108883,No,No,No,2,F71,E5,5,1,4,4
Treatment,A,50000,No,No,No,3,A01,E4,6,5,4,4
Treatment,A,108883,No,No,No,2,A01,E4,6,3,4,4
Treatment,A,108883,Yes,No,No,2,A01,E4,4,2,4,4
Treatment,A,108883,No,No,No,3,A01,E4,5,5,4,4
Treatment,A,100425,No,No,No,3,A01,E4,6,4,4,4
Treatment,A,108883,No,No,No,3,A01,E4,6,4,4,4
Treatment,A,100425,Yes,Yes,No,3,A01,E4,6,5,4,4
Treatment,A,108883,Yes,Yes,No,3,A01,E4,6,5,4,4
Treatment,A,100425,No,Yes,No,2,A01,E3,6,4,4,4
Treatment,A,108883,Yes,No,No,2,A01,E3,6,4,4,4
Treatment,A,108883,No,No,No,2,A01,E4,4,5,4,4
Treatment,A,50000,Yes,No,No,1,A03,E4,6,3,4,4
Treatment,A,50000,Yes,No,No,2,F01,E3,5,5,4,4
Treatment,A,108883,No,No,No,2,A01,E4,6,2,4,4
Treatment,A,50000,No,No,No,1,A01,E4,6,2,4,4
Treatment,A,50000,No,No,No,1,A03,E5,6,2,4,4
Treatment,A,100425,No,No,No,2,A01,E4,6,5,4,4
Treatment,A,108883,Yes,No,No,1,A01,E4,6,5,4,4
Treatment,A,108883,No,No,No,1,A01,E4,4,5,4,4
Treatment,A,100425,Yes,No,No,2,A01,E4,6,5,4,4
Treatment,A,108883,Yes,No,No,3,A01,E4,6,5,4,4
Treatment,A,108883,Yes,No,No,2,A01,E4,6,5,4,4
Treatment,A,108883,No,No,No,2,A01,E4,6,4,4,4
Treatment,A,108883,No,No,No,2,P12,E6,6,4,4,4
Treatment,A,50000,No,No,No,2,A03,E4,6,3,4,4
Treatment,A,50000,No,No,No,2,A03,E5,6,3,4,4
Treatment,A,108883,No,No,No,1,A01,E4,4,4,4,4
Treatment,A,108883,No,No,No,2,A01,E3,6,3,4,4
Treatment,A,108883,No,No,No,1,A02,E6,3,2,4,4
Treatment,A,100425,No,No,No,4,A02,E5,3,3,4,3
Treatment,A,100425,No,No,No,3,F71,E3,5,3,4,3
Treatment,A,108883,No,No,No,1,F81,E4,4,2,4,3
Treatment,A,50000,No,No,No,1,F81,E4,4,2,4,3
Treatment,A,100425,No,No,No,3,F71,E3,5,3,4,3
Treatment,A,50000,No,No,No,3,A02,E5,3,2,4,3
Treatment,A,50000,No,No,No,3,A03,E5,5,3,4,3
Treatment,A,100425,No,No,No,2,P21,E4,4,3,4,3
Treatment,A,108883,No,No,No,1,P21,E4,4,3,4,3
Treatment,A,50000,No,No,No,1,F71,E5,4,3,4,3
Treatment,A,100425,No,No,No,5,A03,E5,5,3,4,3
Treatment,A,108883,No,No,Yes,2,F01,E3,5,2,4,3
Treatment,A,100425,No,No,Yes,2,F71,E4,5,3,4,3
Treatment,A,100425,No,No,Yes,1,F71,E3,5,3,4,3
Treatment,A,108883,No,No,Yes,2,F71,E4,5,3,4,3
Treatment,A,100425,No,No,Yes,4,P21,E5,4,3,4,3
Treatment,A,100425,No,No,Yes,3,P21,E5,4,3,4,3
Treatment,A,108883,No,No,Yes,4,P21,E5,4,3,4,3
Treatment,A,108883,No,No,Yes,3,P21,E5,4,3,4,3
Treatment,A,50000,No,No,No,3,P21,E5,4,3,4,3
Treatment,A,100425,No,No,No,2,F31,E3,4,3,4,3
Treatment,A,100425,No,No,No,2,A02,E5,3,3,4,3
Treatment,A,100425,No,No,No,2,A02,E5,3,3,4,3
Treatment,A,108883,No,No,No,2,A02,E5,3,3,4,3
Treatment,A,100425,No,No,No,3,A02,E5,3,3,4,3
Treatment,A,100425,No,No,No,3,A02,E4,3,3,4,3
Treatment,A,108883,No,No,No,3,A02,E5,3,3,4,3
Treatment,A,108883,No,No,No,3,A02,E4,3,3,4,3
Treatment,A,100425,No,No,No,3,A03,E5,5,5,4,3
Treatment,A,108883,No,No,No,3,A03,E5,5,5,4,3
Treatment,A,100425,No,No,No,4,A03,E5,5,3,4,3
Treatment,A,108883,No,No,No,4,A03,E5,5,3,4,3
Treatment,A,50000,No,No,No,2,A03,E5,5,3,4,3
Treatment,A,100425,No,No,No,3,F71,E4,5,3,4,3
Treatment,A,108883,No,No,No,2,F71,E4,5,3,4,3
Treatment,A,50000,No,No,No,2,F71,E4,5,3,4,3
Treatment,A,100425,No,No,No,2,A02,E5,3,3,4,3
Treatment,A,100425,No,No,No,2,A03,E6,5,2,4,3
Treatment,A,100425,No,No,No,1,A04,E5,5,3,4,3
Treatment,A,100425,No,No,No,1,F71,E3,5,3,4,3
Treatment,A,108883,No,No,No,1,A02,E6,3,4,4,3
Treatment,A,100425,No,No,No,1,F71,E3,5,2,4,3
Treatment,A,108883,No,No,No,3,A01,E4,5,1,4,3
Treatment,A,108883,Yes,No,No,1,A01,E4,6,2,4,3
Treatment,A,50000,Yes,No,No,2,A01,E3,6,2,4,3
Treatment,A,100425,No,No,No,3,A01,E4,6,3,4,3
Treatment,A,108883,No,No,No,1,A02,E4,3,1,4,3
Treatment,A,100425,No,No,No,3,A03,E3,5,3,4,3
Treatment,A,100425,No,No,No,3,A02,E5,3,3,4,3
Treatment,A,100425,No,No,No,4,A03,E6,5,3,4,3
Treatment,A,50000,No,No,No,2,A03,E6,5,3,4,3
Treatment,A,100425,No,No,No,5,A03,E5,5,5,4,3
Treatment,A,50000,No,No,No,1,A03,E4,5,3,4,3
Treatment,A,50000,No,No,No,3,A06,E4,4,2,4,3
Treatment,A,100425,No,No,No,3,F71,E3,5,3,4,3
Treatment,A,100425,No,No,No,1,A02,E5,3,3,4,3
Treatment,A,108883,No,No,No,1,A02,E5,3,3,4,3
Treatment,A,100425,No,No,No,2,A01,E4,6,4,4,3
Treatment,A,100425,No,No,No,2,P21,E5,4,3,4,3
Treatment,A,108883,No,No,No,2,A01,E4,4,2,4,3
Treatment,A,108883,No,No,No,2,A03,E5,5,3,4,3
Treatment,A,108883,No,No,No,4,F71,E3,5,1,4,3
Treatment,A,100425,No,No,No,2,A01,E5,6,3,4,3
Treatment,A,100425,No,No,No,1,A03,E5,5,3,4,3
Treatment,A,100425,No,No,No,1,F71,E4,5,3,4,3
Treatment,A,108883,No,No,No,1,F71,E4,5,3,4,3
Treatment,A,100425,No,No,No,3,A02,E6,3,3,4,3
Treatment,A,100425,No,No,No,2,P21,E4,4,3,4,3
Treatment,A,50000,No,No,No,2,A03,E6,4,2,4,3
Treatment,A,100425,No,No,No,4,A01,E4,6,3,4,3
Treatment,A,100425,No,No,No,2,A01,E4,6,3,4,3
Treatment,A,108883,No,No,No,2,A01,E4,6,3,4,3
Treatment,A,100425,No,No,No,3,A02,E5,3,3,4,3
Treatment,A,108883,No,No,No,3,A02,E5,3,3,4,3
Treatment,A,50000,No,No,No,2,A03,E5,5,2,4,3
Treatment,A,50000,No,No,No,3,A06,E5,4,2,4,3
Treatment,A,50000,No,No,No,3,P21,E5,4,3,4,3
Treatment,A,100425,No,No,No,3,F71,E3,5,2,4,3
Treatment,A,50000,No,No,No,1,A03,E4,5,2,4,3
Treatment,A,100425,No,Yes,No,1,A02,E4,3,4,4,3
Treatment,A,100425,No,No,No,3,F71,E4,5,2,4,3
Treatment,A,100425,No,No,No,5,A03,E5,5,3,4,3
Treatment,A,100425,No,No,No,1,A01,E3,6,3,4,3
Treatment,A,100425,No,No,No,1,F71,E3,5,3,4,3
Treatment,A,100425,No,No,No,3,P21,E4,4,3,4,3
Treatment,A,100425,No,No,No,2,F71,E4,5,3,4,3
Treatment,A,108883,No,No,No,1,A02,E5,3,3,4,3
Treatment,A,108883,No,No,No,1,A02,E5,3,3,4,3
Treatment,A,108883,Yes,No,No,3,P21,E3,4,3,4,3
Treatment,A,100425,No,No,No,2,A01,E3,6,3,4,3
Treatment,A,108883,Yes,No,No,1,A01,E3,6,3,4,3
Treatment,A,100425,No,No,No,2,A02,E5,3,3,4,3
Treatment,A,108883,Yes,No,No,2,A02,E5,3,3,4,3
Treatment,A,100425,No,No,No,1,A03,E5,5,3,4,3
Treatment,A,108883,Yes,No,No,1,A03,E5,5,3,4,3
Treatment,A,100425,No,No,No,2,F71,E4,4,3,4,3
Treatment,A,100425,No,No,No,2,F71,E3,5,2,4,3
Treatment,A,100425,No,No,No,1,A01,E4,5,5,4,3
Treatment,A,108883,No,No,No,3,A01,E4,5,5,4,3
Treatment,A,108883,No,No,No,2,P21,E3,4,2,4,3
Treatment,A,108883,No,No,No,2,A01,E3,6,5,4,3
Treatment,A,108883,No,No,No,2,A01,E4,6,5,4,3
Treatment,A,108883,No,No,No,2,A01,E4,4,5,4,3
Treatment,A,100425,Yes,Yes,No,2,A01,E4,6,4,4,3
Treatment,A,100425,Yes,Yes,No,1,A01,E4,6,4,4,3
Treatment,A,100425,No,Yes,No,2,A01,E4,5,4,4,3
Treatment,A,108883,Yes,No,No,2,A01,E4,5,4,4,3
Treatment,A,100425,No,No,No,3,A06,E5,4,3,4,3
Treatment,A,100425,No,No,No,4,A03,E5,5,3,4,3
Treatment,A,100425,No,No,No,4,A04,E4,5,3,4,3
Treatment,A,100425,No,No,No,3,A01,E4,6,3,4,3
Treatment,A,100425,No,No,No,4,A03,E6,5,3,4,3
Treatment,A,100425,No,No,No,2,A01,E4,5,3,4,2
Treatment,A,100425,No,No,No,2,A03,E6,6,3,4,2
Treatment,A,100425,No,No,No,2,F71,E3,6,3,4,2
Treatment,A,100425,No,No,No,2,A01,E5,5,3,4,2
Treatment,A,100425,No,No,No,1,A01,E3,5,3,4,2
Treatment,A,108883,No,No,No,2,A01,E4,5,1,4,2
Treatment,A,108883,No,No,No,2,A03,E6,6,5,4,2
Treatment,A,108883,No,No,No,1,A01,E4,5,3,4,2
Treatment,A,100425,No,No,No,1,A02,E4,6,3,4,2
Treatment,A,100425,No,No,No,1,A02,E5,6,3,4,2
Treatment,A,100425,No,No,No,3,A01,E4,5,3,4,2
Treatment,A,100425,No,No,No,3,A01,E4,5,3,4,2
Treatment,A,108883,No,No,No,1,A02,E5,6,5,4,2
Treatment,A,108883,No,No,No,2,A02,E6,6,5,4,2
Treatment,A,108883,No,No,No,2,A03,E6,6,4,4,2
Treatment,A,100425,No,No,No,3,A01,E4,5,3,4,2
Treatment,A,100425,No,No,No,2,A01,E3,5,3,4,2
Treatment,A,100425,No,No,No,3,P42,E3,5,3,4,2
Treatment,A,100425,No,No,No,2,A01,E4,5,3,4,2
Treatment,A,100425,No,No,No,2,A01,E3,5,3,4,2
Treatment,A,50000,No,Yes,Yes,1,A01,E4,5,4,4,2
Treatment,A,100425,No,No,No,2,A01,E4,5,3,4,2
Treatment,A,108883,No,No,No,1,A01,E4,5,5,4,2
Treatment,A,108883,No,No,No,2,A01,E4,5,7,4,2
Treatment,A,108883,No,No,No,2,A02,E5,6,3,4,2
Treatment,A,50000,No,No,No,1,A03,E5,5,2,4,4
Treatment,A,108883,No,No,No,1,A03,E5,5,4,6,6
Treatment,A,108883,Yes,No,No,3,F71,E3,6,2,6,6
Treatment,A,50000,No,Yes,No,2,A03,E3,5,4,6,6
Treatment,A,50000,No,Yes,No,3,A03,E5,5,4,6,6
Treatment,A,50000,No,Yes,No,2,A03,E5,5,4,6,6
Treatment,A,108883,No,No,No,1,A01,E4,4,2,6,6
Treatment,A,108883,No,No,No,2,A03,E6,5,2,6,6
Treatment,A,108883,No,No,No,1,A03,E6,5,2,6,6
Treatment,A,108883,Yes,No,No,2,F71,E1,6,5,6,6
Treatment,A,50000,Yes,No,No,2,A02,E5,6,2,6,6
Treatment,A,50000,Yes,No,No,2,A03,E5,5,9,6,6
Treatment,A,108883,No,No,No,1,A01,E4,4,5,6,6
Treatment,A,50000,Yes,No,No,3,A01,E4,4,5,6,6
Treatment,A,108883,No,No,No,1,A02,E5,6,4,6,7
Treatment,A,108883,No,No,No,2,A04,E5,5,4,6,7
Treatment,A,108883,No,No,No,1,A02,E5,6,2,6,7
Treatment,A,108883,Yes,No,No,1,A02,E4,6,4,6,7
Treatment,A,108883,Yes,No,No,3,F71,E4,6,4,6,7
Treatment,A,108883,Yes,No,No,2,A03,E6,5,4,6,7
Treatment,A,50000,Yes,No,No,2,A01,E1,6,2,6,7
Treatment,A,108883,Yes,No,No,3,F71,E4,6,2,6,7
Treatment,A,108883,No,Yes,No,2,A03,E3,5,3,6,7
Treatment,A,108883,Yes,No,No,2,A02,E5,6,4,6,7
Treatment,A,108883,Yes,No,No,1,A02,E5,3,1,6,6
Treatment,A,108883,No,No,No,2,F71,E4,4,1,6,6
Treatment,A,108883,No,No,No,1,A02,E6,3,1,6,6
Treatment,A,108883,No,No,No,1,A03,E4,6,4,6,6
Treatment,A,108883,No,No,No,1,A04,E3,5,1,6,6
Treatment,A,108883,No,No,No,2,A02,E5,3,2,6,6
Treatment,A,108883,No,No,No,1,A02,E5,3,4,6,6
Treatment,A,108883,No,No,No,1,A02,E5,3,2,6,6
Treatment,A,108883,No,No,No,1,P21,E5,6,3,6,6
Treatment,A,108883,No,No,No,2,F71,E3,4,1,6,6
Treatment,A,108883,No,No,No,1,A02,E5,3,5,6,6
Treatment,A,108883,Yes,No,No,2,A02,E5,3,4,6,6
Treatment,A,50000,Yes,No,No,2,A02,E5,3,4,6,6
Treatment,A,108883,No,No,No,2,A02,E5,3,3,6,6
Treatment,A,108883,No,No,No,2,A03,E6,6,3,6,6
Treatment,A,108883,No,No,No,1,A02,E5,3,2,6,6
Treatment,A,108883,No,No,No,1,A02,E4,3,1,5,5
Treatment,A,108883,No,No,No,1,A02,E5,3,3,5,5
Treatment,A,108883,No,No,No,1,A03,E6,7,2,5,5
Treatment,A,108883,No,No,No,3,A06,E6,5,2,5,5
Treatment,A,108883,No,No,No,3,A06,E6,5,2,5,5
Treatment,A,108883,No,No,No,3,A06,E6,5,3,5,5
Treatment,A,108883,No,No,No,4,A06,E6,5,3,5,5
Treatment,A,108883,No,No,No,4,A06,E6,5,3,5,5
Treatment,A,100425,No,No,No,4,A02,E4,3,3,5,5
Treatment,A,108883,No,No,No,4,A02,E4,3,3,5,5
Treatment,A,100425,No,No,No,3,A06,E6,5,3,5,5
Treatment,A,108883,No,No,No,3,A06,E6,5,3,5,5
Treatment,A,100425,No,No,No,3,F71,E4,6,3,5,5
Treatment,A,108883,No,No,No,3,F71,E4,6,3,5,5
Treatment,A,108883,No,No,No,4,A04,E5,5,3,5,5
Treatment,A,108883,No,No,No,4,A06,E6,5,3,5,5
Treatment,A,108883,No,No,No,2,F71,E5,5,3,5,5
Treatment,A,100425,No,No,No,4,A06,E6,5,3,5,5
Treatment,A,100425,No,No,No,3,F71,E3,5,6,5,5
Treatment,A,108883,No,No,No,3,F71,E3,5,6,5,5
Treatment,A,108883,No,No,No,2,A02,E5,3,4,5,5
Treatment,A,108883,No,No,No,3,F71,E5,5,3,5,5
Treatment,A,108883,No,No,No,4,A06,E6,5,3,5,5
Treatment,A,108883,No,No,No,4,A06,E6,5,3,5,5
Treatment,A,108883,No,No,No,1,A02,E5,3,3,5,5
Treatment,A,108883,No,No,No,4,A06,E6,5,3,5,5
Treatment,A,108883,No,No,No,4,A06,E6,5,2,5,5
Treatment,A,108883,No,No,No,2,F41,E4,7,2,5,5
Treatment,A,108883,No,No,No,3,A06,E6,5,3,5,5
Treatment,A,108883,No,No,No,2,A03,E4,4,3,5,5
Treatment,A,108883,No,No,No,2,A03,E5,4,3,5,5
Treatment,A,100425,No,No,No,1,A02,E5,3,3,5,5
Treatment,A,108883,No,No,No,4,A06,E6,6,1,5,5
Treatment,A,108883,No,No,No,1,A02,E6,3,3,5,5
Treatment,A,108883,No,No,No,1,A02,E6,3,1,5,5
Treatment,A,100425,No,No,No,3,A03,E4,4,3,5,5
Treatment,A,108883,No,No,No,2,A02,E5,3,1,5,5
Treatment,A,50000,No,No,No,3,A03,E4,5,2,5,5
Treatment,A,50000,No,No,No,2,A03,E5,5,3,5,5
Treatment,A,50000,No,No,No,2,A03,E5,5,3,5,5
Treatment,A,50000,No,No,No,2,A01,E4,6,3,5,5
Treatment,A,50000,No,No,No,2,A03,E5,5,2,5,5
Treatment,A,108883,No,No,No,2,A03,E4,5,5,5,5
Treatment,A,108883,No,No,No,2,A02,E6,6,1,2,6
Treatment,A,108883,No,No,No,2,A02,E6,6,1,2,6
Treatment,A,100425,No,No,No,1,P21,E5,6,3,2,6
Treatment,A,108883,No,No,Yes,2,F71,E4,5,1,5,5
Treatment,A,108883,Yes,No,No,3,A02,E5,6,1,5,5
Treatment,A,50000,Yes,No,No,4,A03,E5,7,4,5,5
Treatment,A,100425,Yes,No,No,4,A04,E6,5,4,5,5
Treatment,A,100425,Yes,No,No,5,A04,E6,5,4,5,5
Treatment,A,100425,Yes,No,No,5,A04,E5,5,4,5,5
Treatment,A,108883,Yes,No,No,2,A04,E5,5,4,5,5
Treatment,A,108883,Yes,No,No,3,A04,E6,5,4,5,5
Treatment,A,50000,Yes,No,No,4,A04,E5,5,4,5,5
Treatment,A,50000,Yes,No,No,4,A04,E4,5,4,5,5
Treatment,A,50000,Yes,No,No,5,A05,E6,7,7,5,5
Treatment,A,108883,No,No,No,2,F71,E4,5,1,5,5
Treatment,A,108883,No,No,No,1,A02,E5,6,2,5,5
Treatment,A,108883,No,No,No,2,F71,E5,4,1,5,5
Treatment,A,108883,No,No,No,3,F71,E5,5,1,5,5
Treatment,A,108883,No,No,No,1,A02,E5,6,1,5,5
Treatment,A,50000,No,No,No,2,A03,E5,4,3,5,5
Treatment,A,50000,No,No,No,2,A03,E4,4,3,5,5
Treatment,A,100425,No,No,No,2,A04,E5,5,4,5,5
Treatment,A,108883,No,No,No,2,F71,E4,3,2,5,5
Treatment,A,108883,No,No,No,1,F71,E6,3,3,5,5
Treatment,A,108883,No,No,No,2,A04,E5,5,3,5,5
Treatment,A,108883,No,No,No,1,F81,E3,4,3,5,5
Treatment,A,100425,No,No,No,3,F71,E4,5,3,4,4
Treatment,A,108883,No,No,No,2,F71,E4,4,1,2,6
Treatment,A,108883,No,No,No,2,F71,E3,4,1,2,6
Treatment,A,108883,No,No,No,2,F71,E4,5,1,2,6
Treatment,A,108883,No,No,No,2,F71,E5,5,1,2,6
Treatment,A,108883,No,No,No,2,F71,E3,5,1,2,6
Treatment,A,100425,No,No,No,3,P12,E6,6,3,6,6
Treatment,A,100425,No,No,No,3,A06,E6,6,3,6,6
Treatment,A,108883,No,No,No,3,F81,E5,5,3,6,6
Treatment,A,100425,No,No,No,2,P12,E6,6,3,6,6
Treatment,A,108883,No,No,No,2,P21,E5,6,1,5,4
Treatment,A,108883,No,No,No,2,F71,E4,4,1,7,8
Treatment,A,108883,No,No,No,2,P21,E5,6,1,7,8
Treatment,A,108883,No,No,No,2,A04,E5,5,1,7,8
Treatment,A,108883,No,No,No,2,F71,E5,4,1,7,8
Treatment,A,108883,No,No,No,2,F71,E4,4,1,7,8
Treatment,A,100425,No,No,No,2,A01,E4,6,3,7,8
Treatment,A,100425,No,No,No,4,A03,E6,7,3,4,4
Treatment,A,100425,No,No,Yes,2,P21,E5,6,4,4,4
Treatment,A,108883,No,No,Yes,1,P21,E5,6,4,4,4
Treatment,A,100425,No,No,No,2,A04,E5,5,5,4,4
Treatment,A,108883,No,No,No,1,A04,E5,5,5,4,4
Treatment,A,100425,No,No,Yes,2,P21,E5,6,4,4,4
Treatment,A,108883,No,No,Yes,1,P21,E5,6,4,4,4
Treatment,A,50000,No,No,No,3,F71,E4,5,3,4,4
Treatment,A,50000,No,No,No,2,A05,E5,7,3,3,3
Treatment,A,50000,No,No,No,3,A03,E6,5,3,3,3
Treatment,A,50000,Yes,No,No,3,A03,E5,5,3,3,3
Treatment,A,50000,Yes,No,No,3,F71,E4,6,3,3,3
Treatment,A,50000,No,No,No,3,A03,E5,5,3,3,3
Treatment,A,50000,No,No,No,3,A03,E6,5,3,3,3
Treatment,A,50000,Yes,No,No,2,A03,E5,5,3,3,3
Treatment,A,50000,Yes,No,No,3,A03,E6,5,3,3,3
Treatment,A,50000,Yes,No,No,3,F71,E4,6,3,3,3
Treatment,A,50000,No,No,No,3,A05,E6,7,3,3,3
Treatment,A,50000,No,No,No,3,A03,E6,5,3,3,3
Treatment,A,50000,No,No,No,3,A05,E6,7,3,3,3
Treatment,A,50000,Yes,No,No,3,A03,E6,5,3,3,3
Treatment,A,50000,Yes,No,No,3,A06,E6,6,3,3,3
Treatment,A,50000,Yes,No,No,3,A06,E6,6,3,3,3
Treatment,A,50000,Yes,No,No,3,F71,E4,6,3,3,3
Treatment,A,50000,Yes,No,No,3,F71,E6,6,3,3,3
Treatment,A,108883,No,No,No,2,F71,E5,5,3,5,6
Treatment,A,108883,No,No,No,1,F81,E4,4,3,5,6
Treatment,A,100425,No,Yes,No,3,A01,E4,4,7,6,6
Treatment,A,108883,No,No,No,2,A01,E4,4,7,6,6
Treatment,A,100425,No,Yes,No,5,A06,E6,6,7,6,6
Treatment,A,108883,No,No,No,2,A01,E4,4,5,6,6
Treatment,A,100425,No,No,No,4,A03,E5,5,7,6,6
Treatment,A,108883,No,No,No,4,A03,E5,5,7,6,6
Treatment,A,100425,No,No,No,4,A06,E5,6,7,6,6
Treatment,A,108883,No,No,No,4,A06,E5,6,7,6,6
Treatment,A,100425,Yes,No,No,3,A01,E4,4,4,6,6
Treatment,A,108883,Yes,No,No,2,A01,E4,4,4,6,6
Treatment,A,100425,Yes,No,No,5,A06,E6,6,3,6,6
Treatment,A,108883,Yes,No,No,3,A01,E1,4,5,6,6
Treatment,A,108883,Yes,No,No,1,A01,E4,4,6,6,6
Treatment,A,108883,Yes,No,No,3,A05,E6,7,6,6,6
Treatment,A,108883,Yes,No,No,4,A06,E6,6,6,6,6
Treatment,A,100425,Yes,No,No,1,A03,E4,5,6,6,6
Treatment,A,108883,No,No,No,2,F71,E4,5,1,3,3
Treatment,A,108883,No,No,No,4,A05,E6,7,7,4,2
Treatment,A,108883,No,No,No,2,F71,E3,6,3,4,2
Treatment,A,108883,No,No,No,3,F71,E3,6,3,4,2
Treatment,A,108883,No,No,No,3,F71,E4,5,2,1,6
Treatment,A,100425,Yes,No,No,4,A03,E6,5,3,4,3
Treatment,A,108883,Yes,No,No,4,A03,E6,5,3,4,3
Treatment,A,50000,Yes,No,No,5,A03,E6,5,3,4,3
Treatment,A,100425,Yes,No,No,4,A06,E6,4,3,4,3
Treatment,A,108883,Yes,No,No,4,A06,E6,4,3,4,3
Treatment,A,50000,Yes,No,No,5,A06,E6,4,3,4,3
Treatment,A,108883,No,No,No,2,F71,E4,5,3,4,5
Treatment,A,108883,No,No,No,2,F71,E4,4,2,6,6
Treatment,A,108883,No,No,No,1,F71,E5,4,2,6,6
Treatment,A,108883,No,No,No,1,F71,E3,3,1,6,6
Treatment,A,108883,No,No,No,2,F81,E3,4,1,4,6
Treatment,A,50000,Yes,No,No,3,F71,E5,5,2,6,6
Treatment,A,108883,No,No,No,2,F71,E5,5,3,6,6
Treatment,A,108883,No,No,No,2,F71,E4,5,3,6,6
Treatment,A,108883,No,No,No,3,F71,E3,5,3,6,6
Treatment,A,108883,No,No,No,3,A01,E5,5,3,6,6
Treatment,A,50000,Yes,No,No,3,F71,E4,5,2,6,6
Treatment,A,108883,No,No,No,3,F71,E4,5,2,4,3
Treatment,A,108883,No,No,No,2,F71,E4,5,2,4,3
Treatment,A,108883,No,No,No,1,P21,E5,6,1,4,4
Treatment,A,108883,No,No,No,3,F71,E4,6,3,4,4
Treatment,A,108883,No,No,No,3,F71,E5,6,3,4,4
Treatment,A,108883,No,No,No,3,F71,E4,5,3,4,4
Treatment,A,108883,No,No,No,2,F71,E4,5,3,4,4
Treatment,A,108883,No,No,No,2,F71,E4,6,2,4,4
Treatment,A,108883,No,No,No,2,F81,E4,6,3,4,4
Treatment,A,108883,No,No,No,1,F81,E3,6,3,4,4
Treatment,A,108883,No,No,No,1,F81,E6,4,2,7,6
Treatment,A,50000,No,No,No,3,A03,E5,5,2,7,6
Treatment,A,50000,No,No,No,3,A03,E5,5,2,7,6
Treatment,A,50000,No,No,No,3,A03,E4,5,3,7,6
Treatment,A,50000,No,No,No,3,A03,E5,5,3,7,6
Treatment,A,50000,No,No,No,3,A03,E6,5,2,7,6
Treatment,A,50000,No,No,No,3,A03,E6,5,2,7,6
Treatment,A,108883,No,No,No,1,P21,E5,3,2,6,6
Treatment,A,50000,No,No,No,3,A03,E5,5,2,3,2
Treatment,A,108883,No,No,No,2,F71,E4,4,1,5,6
Treatment,A,50000,No,No,No,3,A03,E5,6,3,3,1
Treatment,A,50000,Yes,No,No,2,A03,E5,6,2,3,1
Treatment,A,50000,Yes,No,No,3,A03,E5,6,2,3,1
Treatment,A,50000,No,No,No,3,A03,E5,6,3,3,1
Treatment,A,50000,No,No,No,3,A03,E6,6,3,3,1
Treatment,A,50000,No,No,No,4,A03,E4,6,2,3,1
Treatment,A,50000,No,No,No,3,A03,E4,6,3,3,1
Treatment,A,50000,No,No,Yes,4,A02,E5,6,3,5,4
Treatment,A,50000,No,No,Yes,3,A03,E3,6,2,5,4
Treatment,A,50000,No,No,Yes,2,P21,E5,6,2,5,4
Treatment,A,108883,No,No,No,2,A04,E4,5,1,2,6
Treatment,A,108883,No,No,No,2,F51,E4,5,1,6,6
Treatment,A,108883,No,No,No,2,F71,E5,4,2,5,5
Treatment,A,50000,No,No,No,2,F71,E5,4,2,5,5
Treatment,A,108883,No,No,No,1,A02,E4,4,1,6,6
Treatment,A,108883,No,No,No,2,F71,E5,4,2,6,6
Treatment,A,108883,No,No,No,3,F71,E4,4,2,6,6
Treatment,A,108883,No,No,No,1,P21,E4,6,2,6,6
Treatment,A,108883,No,No,No,2,A06,E6,5,2,2,6
Treatment,A,108883,Yes,No,No,3,A03,E6,7,3,5,6
Treatment,A,108883,Yes,No,No,2,A06,E5,3,3,5,6
Treatment,A,108883,No,No,No,1,F71,E5,4,3,5,6
Treatment,A,108883,No,No,No,3,F71,E5,5,3,5,6
Treatment,A,108883,Yes,No,No,3,F71,E5,4,3,5,6
Treatment,A,108883,Yes,No,No,2,F71,E5,4,3,5,6
Treatment,A,108883,Yes,No,No,4,A06,E6,4,3,5,6
Treatment,A,108883,Yes,No,No,3,F71,E5,6,3,5,6
Treatment,A,108883,Yes,No,No,2,F71,E4,6,3,5,6
Treatment,A,108883,Yes,No,No,2,F71,E5,6,3,5,6
Treatment,A,108883,No,No,No,4,A06,E6,4,2,5,6
Treatment,A,108883,Yes,No,No,3,F71,E4,6,2,5,6
Treatment,A,108883,No,No,No,3,F71,E4,6,3,5,6
Treatment,A,108883,No,No,No,4,A06,E6,4,1,5,6
Treatment,A,108883,No,No,No,2,F71,E5,6,3,5,6
Treatment,A,108883,Yes,No,No,4,A03,E6,7,3,5,6
Treatment,A,108883,Yes,No,No,3,A06,E5,4,8,5,6
Treatment,A,108883,Yes,No,No,3,F71,E5,6,3,5,6
Treatment,A,108883,No,No,No,3,A03,E5,7,2,5,6
Treatment,A,108883,Yes,No,No,3,F71,E5,4,2,5,6
Treatment,A,108883,No,No,No,3,F71,E4,5,2,5,6
Treatment,A,108883,No,No,No,3,A04,E4,5,7,5,6
Treatment,A,108883,No,No,No,3,F71,E4,5,3,5,6
Treatment,A,108883,Yes,No,No,3,F71,E5,5,3,5,6
Treatment,A,108883,Yes,No,No,3,F71,E4,5,5,5,6
Treatment,A,108883,Yes,No,No,3,F71,E6,5,5,5,6
Treatment,A,108883,No,No,No,3,F71,E5,5,3,5,6
Treatment,A,108883,Yes,No,No,3,F71,E5,5,3,5,6
Treatment,A,108883,Yes,No,No,4,F71,E4,5,3,5,6
Treatment,A,108883,Yes,No,No,4,F71,E5,5,3,5,6
Treatment,A,108883,Yes,No,No,3,F71,E5,5,3,5,6
Treatment,A,108883,Yes,No,No,3,F71,E4,5,3,5,6
Treatment,A,108883,No,No,No,2,F71,E4,5,3,5,6
Treatment,A,108883,No,No,No,2,F71,E5,5,3,5,6
Treatment,A,108883,No,No,No,3,F71,E4,5,3,5,6
Treatment,A,108883,Yes,No,No,3,F71,E5,5,3,5,6
Treatment,A,108883,No,No,No,3,A06,E6,6,3,5,6
Treatment,A,108883,No,No,No,3,A06,E6,6,3,5,6
Treatment,A,108883,No,No,No,3,F71,E5,5,3,5,6
Treatment,A,108883,No,No,No,3,F71,E5,4,2,4,6
Treatment,A,100425,No,No,No,3,A06,E5,5,3,3,6
Treatment,A,108883,No,No,No,3,F71,E3,5,2,5,4
Treatment,A,108883,No,No,No,2,F71,E5,4,1,5,4
Treatment,A,108883,Yes,No,No,4,F71,E4,5,3,5,4
Treatment,A,108883,No,No,No,2,F81,E5,4,1,5,4
Treatment,A,108883,No,No,No,1,F71,E4,4,3,5,4
Treatment,A,108883,No,No,No,3,F71,E4,5,3,5,4
Treatment,A,108883,No,No,No,2,F81,E5,5,3,5,4
Treatment,A,108883,No,No,No,3,F81,E5,5,1,5,4
Treatment,A,108883,No,No,No,1,F71,E4,4,1,5,5
Treatment,A,108883,No,No,No,3,P21,E5,6,1,5,5
Treatment,A,100425,No,No,No,3,F71,E4,5,2,5,5
Treatment,A,108883,No,No,No,2,A01,E4,5,3,6,7
Treatment,A,108883,No,No,No,3,F71,E4,6,3,6,6
Treatment,A,108883,No,No,No,2,A06,E6,6,2,6,6
Treatment,A,108883,No,No,No,3,F71,E4,6,3,6,6
Treatment,A,108883,No,No,No,3,A06,E6,6,1,6,6
Treatment,A,108883,No,No,No,2,F71,E5,5,3,5,5
Treatment,A,108883,No,No,No,2,C45,E4,5,1,3,6
Treatment,A,108883,No,No,No,2,F71,E3,5,1,3,6
Treatment,A,108883,No,No,No,2,F71,E4,5,2,4,4
Treatment,A,108883,No,No,No,2,P21,E5,6,1,4,4
Treatment,A,108883,Yes,No,No,2,P21,E4,6,1,4,4
Treatment,S,50000,Yes,No,No,3,P13,E6,6,2,5,5
Treatment,S,50000,Yes,No,No,4,P11,E6,7,3,8,8
Treatment,S,50000,Yes,No,No,4,P13,E6,6,5,8,8
Treatment,S,108883,No,No,No,3,B11,E4,6,3,10,10
Treatment,S,108883,No,No,No,3,P13,E5,6,3,10,10
Treatment,S,108883,No,No,No,4,P13,E5,6,3,10,10
Treatment,S,100425,No,No,No,4,B11,E1,6,5,10,10
Treatment,S,108883,No,No,No,4,B11,E1,6,5,10,10
Treatment,S,108883,No,No,No,2,F83,E6,5,3,10,10
Treatment,S,108883,No,Yes,No,3,P13,E6,6,3,10,10
Treatment,S,108883,No,Yes,No,3,P13,E6,6,3,10,10
Treatment,S,108883,No,No,No,4,B11,E3,6,6,10,10
Treatment,S,108883,No,No,No,3,B11,E3,6,7,10,10
Treatment,S,108883,No,No,No,3,F01,E3,5,7,10,10
Treatment,S,108883,No,No,No,3,B11,E6,6,3,10,10
Treatment,S,50000,No,No,Yes,3,F11,E1,5,9,6,7
Treatment,S,50000,No,No,Yes,2,P11,E3,7,2,9,9
Treatment,S,108883,No,No,No,1,F11,E3,4,2,9,9
Treatment,S,100425,No,No,No,3,P13,E6,6,3,2,1
Energy recovery,L,108883,No,Yes,No,1,U01,E5,6,4,7,8
Energy recovery,L,108883,Yes,No,No,1,U01,E5,6,4,7,8
Energy recovery,L,108883,Yes,No,No,1,U03,E1,5,6,6,6
Energy recovery,L,108883,Yes,Yes,No,1,U03,E1,6,9,6,6
Energy recovery,L,108883,No,No,No,1,U01,E3,4,1,6,7
Energy recovery,L,100425,No,No,No,2,U01,E4,5,3,6,6
Energy recovery,L,108883,No,No,No,3,U01,E3,5,3,6,6
Energy recovery,L,100425,Yes,No,No,2,U03,E3,4,4,5,7
Energy recovery,L,108883,Yes,No,No,1,U01,E3,4,4,7,7
Energy recovery,L,50000,Yes,No,No,3,U01,E3,5,4,7,7
Energy recovery,L,100425,No,No,No,1,U01,E3,5,4,6,7
Energy recovery,L,108883,No,No,No,2,U01,E3,5,2,3,3
Energy recovery,L,108883,No,No,No,2,U01,E3,4,3,3,3
Energy recovery,A,108883,No,No,No,2,U02,E3,5,1,4,4
Energy recovery,A,108883,No,No,No,2,U02,E4,5,1,5,3
Energy recovery,A,108883,No,No,No,2,U02,E4,5,2,5,3
Energy recovery,A,108883,No,No,No,2,U02,E4,5,2,5,3
Energy recovery,A,108883,No,No,No,2,U02,E4,5,1,5,3
Energy recovery,A,108883,No,No,No,2,U02,E4,5,2,5,3
Energy recovery,A,108883,No,No,No,2,U03,E4,5,1,5,3
Energy recovery,A,50000,No,No,No,4,U02,E4,6,2,5,3
Energy recovery,A,108883,No,No,No,3,U02,E5,6,1,3,8
Energy recovery,A,50000,No,No,Yes,3,U03,E5,6,3,2,8
Energy recovery,A,50000,Yes,No,No,3,U03,E5,4,3,6,6
Energy recovery,A,50000,Yes,No,No,3,U03,E5,4,2,6,6
Energy recovery,A,50000,Yes,No,No,3,U03,E5,5,3,6,6
Energy recovery,A,50000,Yes,No,No,3,U02,E5,4,3,6,6
Energy recovery,A,50000,Yes,No,No,3,U02,E5,5,2,6,6
Energy recovery,A,50000,Yes,No,No,3,U03,E5,5,3,6,6
Energy recovery,A,50000,Yes,No,No,3,U02,E5,5,2,6,6
Energy recovery,A,50000,No,No,No,3,U02,E5,5,2,6,6
Energy recovery,A,50000,Yes,No,No,3,U02,E5,5,2,6,6
Energy recovery,A,50000,Yes,No,No,3,U03,E5,5,2,6,6
Energy recovery,A,50000,Yes,No,No,3,U03,E5,5,3,6,6
Energy recovery,A,50000,Yes,No,No,3,U02,E5,5,3,6,6
Energy recovery,A,50000,Yes,No,No,3,U03,E4,6,4,3,3
Energy recovery,A,50000,Yes,No,No,3,U03,E4,5,5,3,3
Energy recovery,A,50000,No,No,No,3,U03,E4,6,2,3,3
Energy recovery,A,50000,Yes,No,No,3,U03,E4,7,4,3,3
Energy recovery,A,50000,Yes,No,No,3,U03,E4,7,4,3,3
Energy recovery,A,50000,Yes,No,No,3,U03,E4,4,7,3,3
Energy recovery,A,50000,Yes,No,No,3,U03,E4,5,4,3,3
Energy recovery,A,108883,No,Yes,No,2,U03,E4,6,4,3,3
Energy recovery,A,50000,No,Yes,No,3,U03,E4,6,4,3,3
Energy recovery,A,50000,No,Yes,No,3,U02,E4,7,4,3,3
Energy recovery,A,50000,No,Yes,No,3,U03,E4,6,4,3,3
Energy recovery,A,50000,No,Yes,No,3,U02,E4,5,4,3,3
Energy recovery,A,50000,Yes,No,No,3,U03,E4,7,4,3,3
Energy recovery,A,108883,Yes,No,No,2,U03,E4,6,4,3,3
Energy recovery,A,50000,Yes,No,No,3,U03,E4,6,4,3,3
Energy recovery,A,50000,Yes,No,No,3,U03,E4,5,4,3,3
Energy recovery,A,50000,Yes,No,No,3,U03,E4,6,4,2,8
Energy recovery,A,50000,Yes,No,No,3,U02,E4,5,4,5,7
Energy recovery,A,50000,Yes,No,No,3,U03,E4,7,4,5,7
Energy recovery,A,50000,No,Yes,No,3,U03,E4,5,4,5,7
Energy recovery,A,50000,Yes,No,No,3,U03,E4,5,4,5,7
Energy recovery,A,50000,Yes,No,No,3,U03,E4,7,5,5,7
Energy recovery,A,50000,Yes,No,No,3,U03,E4,5,4,5,7
Energy recovery,A,50000,Yes,No,No,3,U02,E4,5,4,5,7
Energy recovery,A,50000,Yes,No,No,3,U03,E4,5,4,5,7
Energy recovery,A,50000,Yes,No,No,3,U02,E4,5,4,5,7
Energy recovery,A,108883,No,No,No,1,U03,E4,5,2,5,8
Energy recovery,A,108883,No,No,No,1,U02,E4,4,1,6,7
Energy recovery,A,108883,No,No,No,1,U02,E4,4,1,6,7
Energy recovery,A,108883,No,No,No,1,U02,E4,5,2,6,7
Energy recovery,A,108883,No,No,No,1,U03,E4,5,2,6,7
Energy recovery,A,108883,No,No,No,1,U02,E4,4,1,6,7
Energy recovery,A,108883,No,No,No,2,U02,E4,5,1,5,5
Energy recovery,A,108883,No,No,No,2,U02,E4,4,2,5,8
Energy recovery,A,108883,No,Yes,No,2,U02,E4,4,4,6,7
Energy recovery,A,108883,No,No,No,2,U03,E4,4,3,6,7
Energy recovery,A,108883,Yes,Yes,No,2,U03,E4,5,3,6,7
Energy recovery,A,108883,Yes,Yes,No,2,U03,E4,5,3,6,7
Energy recovery,A,108883,No,No,No,2,U02,E4,4,3,6,7
Energy recovery,A,108883,No,No,No,2,U03,E4,5,7,6,7
Energy recovery,A,108883,No,No,No,2,U02,E4,4,3,6,7
Energy recovery,A,108883,Yes,No,No,2,U02,E4,5,3,5,5
Energy recovery,A,108883,Yes,No,No,2,U03,E4,4,3,5,5
Energy recovery,A,108883,No,No,No,2,U02,E4,4,5,5,5
Energy recovery,A,108883,Yes,Yes,Yes,2,U02,E4,5,3,5,5
Energy recovery,A,108883,Yes,Yes,Yes,2,U03,E4,4,4,5,5
Energy recovery,A,108883,Yes,No,No,2,U03,E4,5,5,7,6
Energy recovery,A,108883,Yes,No,No,2,U02,E4,5,3,7,6
Energy recovery,A,108883,No,No,No,2,U03,E4,5,3,7,6
Energy recovery,A,100425,No,No,No,2,U03,E4,5,3,7,6
Energy recovery,A,100425,No,No,No,2,U02,E4,5,5,7,6
Energy recovery,A,108883,Yes,No,No,2,U02,E4,5,5,7,6
Energy recovery,A,100425,No,No,No,2,U03,E4,6,5,7,6
Energy recovery,A,108883,Yes,No,No,2,U03,E4,6,5,7,6
Energy recovery,A,100425,No,No,No,2,U03,E4,5,5,7,6
Energy recovery,A,108883,Yes,No,No,2,U03,E4,5,5,7,6
Energy recovery,A,50000,Yes,Yes,No,3,U03,E4,4,5,7,6
Energy recovery,A,50000,No,Yes,No,3,U03,E4,6,5,7,6
Energy recovery,A,100425,No,No,No,2,U03,E4,5,8,7,6
Energy recovery,A,108883,Yes,No,No,2,U03,E4,5,8,7,6
Energy recovery,A,100425,No,No,No,2,U03,E4,5,4,7,6
Energy recovery,A,108883,No,No,No,2,U03,E4,5,4,7,6
Energy recovery,A,108883,No,No,No,2,U03,E4,6,5,7,6
Energy recovery,A,50000,Yes,No,No,3,U03,E4,6,5,7,6
Energy recovery,A,108883,Yes,No,No,2,U03,E4,5,8,7,6
Energy recovery,A,100425,No,No,No,2,U03,E4,4,5,5,6
Energy recovery,A,100425,Yes,Yes,No,1,U03,E3,6,8,7,8
Energy recovery,A,100425,Yes,Yes,Yes,2,U02,E3,6,4,6,7
Energy recovery,A,108883,Yes,Yes,No,1,U02,E3,6,4,6,7
Energy recovery,A,100425,Yes,Yes,Yes,2,U03,E3,4,8,6,7
Energy recovery,A,108883,Yes,Yes,No,1,U03,E3,4,8,6,7
Energy recovery,A,100425,No,No,No,2,U02,E3,6,4,6,7
Energy recovery,A,108883,No,No,No,1,U02,E3,6,4,6,7
Energy recovery,A,100425,No,No,No,2,U02,E3,5,8,6,7
Energy recovery,A,108883,No,No,No,1,U02,E3,5,8,6,7
Energy recovery,A,108883,No,No,No,1,U02,E3,5,4,6,7
Energy recovery,A,108883,No,No,No,3,U03,E4,5,3,5,8
Energy recovery,A,108883,Yes,No,No,1,U03,E3,5,7,4,8
Energy recovery,A,108883,No,Yes,No,1,U02,E3,3,4,4,8
Energy recovery,A,108883,No,Yes,No,1,U03,E3,6,4,4,8
Energy recovery,A,108883,No,No,No,1,U03,E3,5,3,4,8
Energy recovery,A,50000,Yes,No,No,2,U03,E4,6,5,5,8
Energy recovery,A,108883,No,No,Yes,2,U02,E4,4,1,7,9
Energy recovery,A,108883,No,No,No,2,U02,E4,5,4,7,9
Energy recovery,A,108883,No,No,No,2,U02,E4,6,1,7,9
Energy recovery,A,108883,No,No,No,2,U03,E4,6,1,7,9
Energy recovery,A,108883,Yes,No,No,2,U02,E4,4,4,7,9
Energy recovery,A,100425,Yes,No,No,2,U03,E4,6,4,7,9
Energy recovery,A,50000,Yes,Yes,Yes,2,U03,E4,6,4,7,9
Energy recovery,A,108883,Yes,No,No,2,U03,E4,5,4,7,9
Energy recovery,A,108883,No,No,No,2,U03,E4,6,2,7,9
Energy recovery,A,50000,No,No,No,2,U03,E4,6,2,7,9
Energy recovery,A,108883,No,No,No,2,U03,E4,5,2,7,9
Energy recovery,A,50000,No,Yes,No,2,U03,E4,5,5,7,9
Energy recovery,A,50000,No,No,No,2,U03,E4,4,4,7,9
Energy recovery,A,108883,No,No,No,2,U03,E4,5,1,7,9
Energy recovery,A,50000,No,No,Yes,2,U03,E4,4,2,7,9
Energy recovery,A,108883,No,No,No,2,U02,E4,6,4,7,9
Energy recovery,A,50000,No,No,No,2,U02,E4,6,4,7,9
Energy recovery,A,50000,Yes,No,No,2,U03,E4,4,2,7,9
Energy recovery,A,100425,Yes,Yes,No,2,U03,E4,6,4,7,9
Energy recovery,A,108883,No,No,No,2,U03,E4,6,4,7,9
Energy recovery,A,50000,No,No,No,2,U03,E4,5,2,7,9
Energy recovery,A,100425,Yes,Yes,No,2,U03,E4,5,9,7,9
Energy recovery,A,100425,No,Yes,No,2,U03,E4,4,5,7,9
Energy recovery,A,108883,Yes,Yes,No,2,U03,E4,4,5,7,9
Energy recovery,A,50000,No,No,No,2,U03,E4,4,2,7,9
Energy recovery,A,100425,No,No,No,2,U03,E4,5,8,7,9
Energy recovery,A,108883,Yes,No,No,2,U03,E4,5,8,7,9
Energy recovery,A,100425,Yes,No,No,2,U03,E4,6,5,7,9
Energy recovery,A,108883,Yes,No,No,2,U03,E4,6,5,7,9
Energy recovery,A,108883,No,No,No,2,U03,E4,5,4,7,9
Energy recovery,A,50000,No,No,No,2,U03,E4,5,2,7,9
Energy recovery,A,108883,No,No,No,2,U03,E4,5,2,7,9
Energy recovery,A,100425,No,No,No,2,U03,E4,5,3,3,3
Energy recovery,A,100425,No,No,No,2,U03,E4,4,3,3,3
Energy recovery,A,100425,No,No,Yes,2,U03,E4,7,3,3,3
Energy recovery,A,108883,No,No,Yes,2,U03,E4,7,3,3,3
Energy recovery,A,50000,No,No,No,2,U03,E4,5,3,3,3
Energy recovery,A,100425,No,No,No,2,U03,E4,5,3,3,3
Energy recovery,A,108883,No,No,No,2,U03,E4,5,3,3,3
Energy recovery,A,100425,No,No,No,2,U03,E4,4,3,3,3
Energy recovery,A,100425,No,No,No,2,U03,E4,5,3,3,3
Energy recovery,A,108883,No,No,No,2,U03,E4,5,3,3,3
Energy recovery,A,108883,Yes,No,No,2,U03,E4,5,2,3,3
Energy recovery,A,50000,Yes,No,No,2,U03,E4,5,2,3,3
Energy recovery,A,50000,No,No,No,2,U03,E4,5,2,3,3
Energy recovery,A,108883,No,No,No,2,U03,E4,4,1,3,3
Energy recovery,A,100425,No,No,No,2,U02,E4,5,3,3,3
Energy recovery,A,50000,No,No,No,2,U03,E4,5,2,3,3
Energy recovery,A,108883,Yes,No,Yes,2,U03,E4,5,4,3,3
Energy recovery,A,50000,Yes,No,No,2,U03,E4,5,4,3,3
Energy recovery,A,100425,No,No,No,2,U02,E4,6,3,3,3
Energy recovery,A,100425,No,No,No,2,U03,E4,6,3,3,3
Energy recovery,A,100425,No,No,No,2,U03,E4,5,3,3,3
Energy recovery,A,108883,No,No,No,2,U03,E4,5,3,3,3
Energy recovery,A,100425,No,No,No,2,U03,E4,5,3,3,3
Energy recovery,A,108883,Yes,No,No,2,U03,E4,6,3,3,3
Energy recovery,A,100425,No,No,No,2,U03,E4,5,3,3,3
Energy recovery,A,108883,No,No,No,2,U03,E4,5,3,3,3
Energy recovery,A,100425,No,No,No,2,U03,E4,4,4,3,3
Energy recovery,A,108883,Yes,No,No,2,U03,E4,6,3,3,3
Energy recovery,A,100425,No,No,No,2,U03,E4,6,3,3,3
Energy recovery,A,100425,No,No,No,2,U03,E4,5,3,3,3
Energy recovery,A,108883,No,No,No,2,U03,E4,5,3,3,3
Energy recovery,A,50000,No,No,No,2,U03,E4,5,2,3,3
Energy recovery,A,100425,No,No,No,2,U03,E4,5,3,4,2
Energy recovery,A,50000,No,Yes,Yes,1,U03,E3,4,8,4,2
Energy recovery,A,100425,No,No,No,2,U03,E4,4,2,4,2
Energy recovery,A,100425,No,No,No,2,U03,E4,6,4,4,2
Energy recovery,A,108883,No,No,No,2,U03,E4,6,4,4,2
Energy recovery,A,108883,No,No,No,1,U02,E3,5,8,5,5
Energy recovery,A,50000,Yes,No,No,3,U03,E4,6,5,5,5
Energy recovery,A,108883,Yes,No,No,2,U02,E4,4,3,5,6
Energy recovery,A,108883,No,No,No,2,U03,E4,4,4,5,6
Energy recovery,A,108883,No,No,No,2,U03,E4,4,4,5,6
Energy recovery,A,100425,No,No,No,3,U03,E3,5,3,2,2
Energy recovery,A,108883,No,No,No,2,U03,E4,5,3,2,2
Energy recovery,A,50000,No,No,No,1,U03,E4,5,3,2,2
Energy recovery,A,108883,No,No,No,2,U02,E4,5,1,5,5
Energy recovery,A,108883,No,No,No,2,U03,E4,4,1,5,5
Energy recovery,A,108883,No,No,No,1,U02,E4,3,1,7,10
Energy recovery,A,108883,No,No,No,1,U02,E4,5,1,5,5
Energy recovery,A,50000,No,No,Yes,3,U03,E4,5,2,4,3
Energy recovery,A,50000,No,No,No,3,U03,E4,5,2,4,3
Energy recovery,A,50000,No,No,No,3,U03,E4,5,2,4,3
Energy recovery,A,100425,No,No,No,1,U03,E3,4,3,6,7
Energy recovery,A,108883,No,No,No,2,U02,E5,5,1,3,8
Energy recovery,A,108883,No,No,No,2,U02,E4,5,3,4,2
Energy recovery,A,108883,No,No,No,2,U02,E3,5,3,3,2
Energy recovery,A,108883,No,No,No,2,U03,E3,5,1,3,2
Energy recovery,A,108883,No,No,No,1,U02,E4,4,1,7,6
Energy recovery,A,100425,No,No,No,2,U03,E4,4,3,6,7
Energy recovery,A,108883,Yes,No,No,2,U02,E4,6,5,8,8
Energy recovery,A,108883,Yes,No,No,2,U02,E4,6,5,8,8
Energy recovery,A,108883,Yes,No,No,2,U03,E4,4,5,8,8
Energy recovery,A,108883,Yes,No,No,2,U02,E4,6,5,8,8
Energy recovery,A,108883,Yes,No,No,2,U03,E4,4,5,8,8
Energy recovery,A,108883,No,No,No,2,U02,E3,6,3,3,8
Energy recovery,A,108883,No,No,No,1,U02,E4,4,2,6,8
Energy recovery,A,108883,No,No,No,2,U02,E4,5,2,7,7
Energy recovery,A,108883,No,No,No,2,U03,E4,3,3,7,7
Energy recovery,A,108883,No,No,No,2,U03,E4,4,1,7,7
Energy recovery,A,108883,No,No,No,2,U03,E4,5,3,7,7
Energy recovery,A,108883,No,No,No,2,U03,E4,3,3,7,7
Energy recovery,A,108883,No,No,No,2,U03,E4,5,3,7,7
Energy recovery,A,108883,No,No,No,2,U03,E4,4,3,7,7
Energy recovery,A,108883,No,No,No,2,U02,E4,4,3,7,7
Energy recovery,A,108883,No,No,No,2,U03,E4,5,3,7,7
Energy recovery,A,108883,No,No,No,2,U02,E4,5,2,7,7
Energy recovery,A,108883,No,No,No,2,U03,E4,5,2,7,7
Energy recovery,A,108883,No,No,No,2,U03,E4,5,3,7,7
Energy recovery,A,108883,No,No,No,2,U03,E4,4,3,7,7
Energy recovery,A,108883,No,No,No,2,U03,E4,5,2,7,7
Energy recovery,A,108883,No,No,No,2,U02,E4,4,3,7,7
Energy recovery,A,108883,No,No,No,2,U02,E4,5,3,7,7
Energy recovery,A,108883,No,No,No,1,U02,E6,4,1,7,9
Energy recovery,A,108883,No,No,No,1,U03,E4,4,2,6,8
Energy recovery,A,108883,No,No,No,1,U02,E5,5,3,4,8
Energy recovery,A,108883,Yes,No,No,3,U02,E5,5,3,5,8
Energy recovery,A,108883,No,No,No,2,U02,E5,6,3,9,10
Energy recovery,A,108883,No,No,No,2,U03,E5,3,3,9,10
Energy recovery,A,108883,No,No,No,1,U02,E4,4,1,4,8
Energy recovery,S,50000,Yes,No,No,4,U01,E4,6,5,3,3
Energy recovery,S,50000,Yes,No,No,4,U01,E4,6,5,3,3
Energy recovery,S,50000,Yes,No,No,4,U01,E4,6,4,3,3
Energy recovery,S,50000,No,Yes,No,4,U01,E4,6,4,3,3
Energy recovery,S,50000,Yes,No,No,4,U01,E4,6,5,3,3
Energy recovery,S,50000,Yes,No,No,4,U01,E4,6,4,3,3
Energy recovery,S,50000,Yes,No,No,4,U01,E4,6,4,3,3
Energy recovery,S,50000,Yes,No,No,4,U01,E4,6,4,4,3
Energy recovery,S,50000,Yes,No,No,4,U01,E4,6,5,4,3
Energy recovery,S,50000,Yes,No,No,4,U01,E4,6,2,4,3
Energy recovery,S,50000,Yes,No,No,4,U01,E4,6,4,4,3
Energy recovery,S,50000,Yes,No,No,4,U01,E4,6,2,4,3
Energy recovery,S,108883,No,No,No,2,U01,E3,3,3,9,9
Energy recovery,S,108883,No,No,No,2,U01,E4,5,1,4,5
Energy recovery,S,108883,No,No,No,2,U01,E4,5,1,4,3
Energy recovery,S,108883,No,No,No,1,U01,E3,5,10,4,7
Energy recovery,S,100425,No,No,No,2,U01,E3,4,9,4,7
Energy recovery,S,108883,No,No,No,1,U01,E3,4,9,4,7
Energy recovery,S,100425,No,No,No,2,U01,E3,5,3,4,7
Energy recovery,S,108883,No,No,No,1,U01,E3,5,3,4,7
Energy recovery,S,108883,No,No,No,1,U01,E3,5,9,4,7
Energy recovery,S,100425,No,No,Yes,2,U01,E3,5,4,4,7
Energy recovery,S,108883,No,No,Yes,1,U01,E3,5,4,4,7
Energy recovery,S,100425,No,No,No,2,U01,E3,5,4,4,7
Energy recovery,S,108883,No,No,No,1,U01,E3,5,4,4,7
Energy recovery,S,100425,No,No,No,2,U01,E3,5,5,4,7
Energy recovery,S,108883,No,No,No,1,U01,E3,5,5,4,7
Energy recovery,S,108883,Yes,No,No,1,U01,E3,5,5,4,7
Energy recovery,S,100425,No,No,No,2,U01,E3,5,3,4,7
Energy recovery,S,108883,No,No,No,1,U01,E3,5,3,4,7
Energy recovery,S,100425,No,No,No,2,U01,E3,5,3,4,7
Energy recovery,S,108883,No,No,No,1,U01,E3,5,3,4,7
Energy recovery,S,100425,No,No,No,2,U01,E3,5,9,4,7
Energy recovery,S,108883,No,No,No,1,U01,E3,5,9,4,7
Energy recovery,S,100425,No,No,Yes,2,U01,E3,5,4,4,7
Energy recovery,S,108883,No,No,Yes,1,U01,E3,5,4,4,7
Energy recovery,S,100425,No,No,No,2,U01,E3,5,6,4,7
Energy recovery,S,108883,No,No,No,1,U01,E3,5,6,4,7
Energy recovery,S,100425,No,No,No,2,U01,E3,5,3,4,7
Energy recovery,S,108883,No,No,No,1,U01,E3,5,3,4,7
Energy recovery,S,108883,No,No,No,1,U01,E3,4,4,5,5
Energy recovery,S,50000,No,No,No,2,U01,E4,4,4,5,5
Recycling,L,108883,No,No,No,3,R11,E2,5,1,3,8
Recycling,L,108883,No,No,No,3,R11,E2,5,1,2,8
Recycling,L,108883,No,No,No,3,R11,E2,5,1,2,8
Recycling,L,108883,No,No,No,3,R11,E6,4,1,5,5
Recycling,L,108883,No,No,No,3,R11,E6,5,1,5,5
Recycling,L,108883,No,No,No,3,R11,E6,5,1,2,2
Recycling,L,108883,No,No,No,3,R11,E6,5,1,4,8
Recycling,L,108883,No,No,No,1,R11,E3,3,1,4,8
Recycling,L,108883,No,No,No,1,R11,E2,3,1,4,8
Recycling,L,108883,No,No,No,1,R11,E2,3,1,4,8
Recycling,L,108883,No,No,No,1,R11,E2,5,1,4,8
Recycling,L,108883,No,No,No,1,R11,E3,3,1,6,7
Recycling,L,108883,No,No,No,1,R14,E2,4,1,6,7
Recycling,L,108883,No,No,No,1,R11,E3,3,1,6,7
Recycling,L,108883,No,No,No,1,R12,E4,3,2,6,7
Recycling,L,108883,No,No,No,1,R11,E3,3,1,6,7
Recycling,L,108883,No,No,No,1,R14,E5,5,1,6,7
Recycling,L,108883,No,No,No,1,R11,E3,4,1,6,7
Recycling,L,108883,No,No,No,1,R11,E3,4,1,6,7
Recycling,L,108883,No,No,No,1,R14,E4,5,1,6,7
Recycling,L,108883,No,No,No,1,R11,E3,4,1,6,7
Recycling,L,108883,No,No,No,1,R11,E3,3,1,6,7
Recycling,L,108883,No,No,No,1,R13,E2,6,1,6,7
Recycling,L,108883,No,No,No,3,R14,E2,6,1,3,1
Recycling,L,108883,No,No,No,3,R11,E3,5,2,3,1
Recycling,L,108883,No,No,No,3,R11,E3,5,3,3,1
Recycling,L,108883,No,No,No,3,R11,E3,5,1,3,1
Recycling,L,108883,No,No,No,3,R11,E4,5,1,3,8
Recycling,L,108883,No,No,No,3,R11,E3,6,1,3,8
Recycling,L,108883,No,No,No,3,R11,E3,5,2,3,8
Recycling,L,108883,No,No,No,3,R11,E3,5,1,3,8
Recycling,L,108883,No,No,No,3,R11,E3,5,1,3,8
Recycling,L,108883,No,No,No,3,R11,E3,6,1,3,8
Recycling,L,108883,No,No,No,3,R11,E3,6,1,3,8
Recycling,L,108883,No,No,No,3,R11,E3,5,1,3,8
Recycling,L,108883,No,No,No,3,R14,E3,6,1,3,8
Recycling,L,108883,No,No,No,3,R11,E3,6,1,3,8
Recycling,L,108883,No,No,No,3,R11,E3,5,1,3,8
Recycling,L,108883,No,No,No,3,R11,E3,5,1,3,8
Recycling,L,108883,No,No,No,3,R11,E3,5,3,3,8
Recycling,L,108883,No,Yes,No,3,R13,E3,6,1,6,6
Recycling,L,100425,No,Yes,No,1,R11,E5,6,3,6,6
Recycling,L,108883,No,No,No,3,R14,E3,5,4,6,6
Recycling,L,108883,No,No,No,3,R13,E2,5,3,6,6
Recycling,L,108883,No,No,No,3,R13,E2,6,3,6,6
Recycling,L,108883,No,No,No,3,R13,E2,6,1,6,6
Recycling,L,108883,No,No,No,3,R13,E2,4,3,6,6
Recycling,L,108883,No,No,No,3,R13,E2,4,3,6,6
Recycling,L,108883,No,No,No,3,R13,E2,6,3,6,6
Recycling,L,108883,No,No,No,3,R13,E2,5,3,6,6
Recycling,L,108883,Yes,Yes,Yes,3,R14,E3,5,1,6,6
Recycling,L,108883,No,No,Yes,1,R13,E2,7,3,7,6
Recycling,L,108883,No,No,No,1,R14,E1,5,1,7,5
Recycling,L,100425,No,Yes,No,1,R13,E3,5,3,7,5
Recycling,L,108883,Yes,No,No,1,R13,E3,5,3,7,5
Recycling,L,100425,No,Yes,No,1,R13,E3,5,3,7,5
Recycling,L,108883,No,Yes,No,1,R13,E3,5,3,7,5
Recycling,L,108883,No,No,No,1,R11,E3,4,1,7,6
Recycling,L,108883,No,No,No,1,R11,E2,4,1,7,6
Recycling,L,108883,No,No,Yes,4,R11,E3,6,3,6,8
Recycling,L,108883,No,No,Yes,4,R13,E3,6,3,6,8
Recycling,L,108883,Yes,No,No,1,R13,E3,4,3,6,8
Recycling,L,108883,No,No,No,1,R11,E3,4,2,3,3
Recycling,L,108883,No,No,No,1,R11,E3,4,1,3,3
Recycling,L,108883,No,No,Yes,1,R11,E3,4,1,3,3
Recycling,L,108883,No,No,No,1,R11,E2,4,2,3,3
Recycling,L,108883,No,No,No,1,R11,E3,4,1,3,3
Recycling,L,108883,No,No,No,1,R11,E3,4,5,3,3
Recycling,L,108883,No,No,No,1,R11,E2,4,1,3,3
Recycling,L,108883,No,No,No,1,R11,E3,4,2,3,3
Recycling,L,108883,No,No,No,1,R14,E1,4,1,3,3
Recycling,L,50000,Yes,No,No,2,R11,E1,5,3,3,3
Recycling,L,108883,No,No,No,1,R11,E3,4,2,3,3
Recycling,L,108883,No,No,No,1,R14,E1,4,1,3,3
Recycling,L,108883,No,No,No,1,R13,E3,3,1,3,3
Recycling,L,108883,No,No,No,1,R11,E4,3,2,3,3
Recycling,L,108883,No,No,No,1,R11,E2,4,1,3,3
Recycling,L,108883,No,No,No,1,R13,E2,5,1,3,3
Recycling,L,50000,No,No,Yes,2,R11,E1,4,3,3,3
Recycling,L,108883,No,No,No,1,R12,E4,4,3,3,3
Recycling,L,108883,No,No,No,1,R11,E3,4,5,3,3
Recycling,L,108883,No,No,No,1,R11,E3,4,2,3,3
Recycling,L,108883,No,No,No,1,R11,E3,4,1,3,3
Recycling,L,108883,No,No,No,1,R13,E3,6,1,3,3
Recycling,L,108883,No,No,No,1,R11,E2,4,2,3,3
Recycling,L,108883,Yes,Yes,No,1,R11,E3,4,3,3,3
Recycling,L,50000,No,No,No,2,R13,E1,5,2,3,3
Recycling,L,108883,No,No,No,3,R11,E3,5,1,6,5
Recycling,L,108883,No,No,No,3,R11,E4,5,1,6,5
Recycling,L,108883,No,No,No,3,R11,E3,5,2,6,5
Recycling,L,108883,No,No,No,3,R11,E3,5,2,6,5
Recycling,L,50000,No,No,No,2,R11,E3,4,3,6,5
Recycling,L,108883,No,No,No,3,R13,E2,4,3,6,5
Recycling,L,100425,No,No,No,1,R11,E5,3,4,6,5
Recycling,L,108883,No,No,No,1,R11,E3,3,1,2,8
Recycling,L,108883,No,No,No,1,R13,E2,5,1,2,8
Recycling,L,108883,No,No,No,1,R11,E2,4,1,2,8
Recycling,L,108883,Yes,No,No,1,R11,E3,5,1,6,7
Recycling,L,108883,No,No,No,1,R11,E3,5,2,7,8
Recycling,L,108883,No,No,No,1,R11,E2,4,1,7,8
Recycling,L,108883,No,No,No,1,R11,E3,5,1,7,8
Recycling,L,108883,No,No,No,1,R11,E4,3,2,7,8
Recycling,L,108883,No,No,No,1,R11,E3,4,1,7,8
Recycling,L,108883,No,No,No,1,R11,E3,5,5,7,8
Recycling,L,108883,Yes,No,No,1,R11,E3,4,1,5,6
Recycling,L,108883,No,No,No,1,R13,E2,4,1,5,6
Recycling,L,108883,No,No,No,3,R11,E4,5,2,5,7
Recycling,L,108883,No,No,No,3,R11,E4,5,2,5,7
Recycling,L,108883,No,No,No,3,R11,E4,5,3,5,7
Recycling,L,108883,No,No,No,3,R11,E4,5,3,5,7
Recycling,L,108883,No,No,No,3,R11,E5,5,1,5,7
Recycling,L,108883,No,No,No,3,R11,E5,5,2,5,7
Recycling,L,108883,No,No,No,3,R11,E3,5,3,5,7
Recycling,L,108883,No,No,No,3,R11,E4,5,2,5,7
Recycling,L,108883,No,No,No,3,R11,E6,5,1,5,7
Recycling,L,108883,No,No,No,3,R11,E6,5,1,5,7
Recycling,L,108883,No,No,No,3,R11,E4,5,3,5,7
Recycling,L,108883,No,No,No,3,R11,E3,5,1,5,7
Recycling,L,108883,No,No,No,3,R12,E4,5,2,5,7
Recycling,L,108883,No,No,No,3,R11,E4,5,3,5,7
Recycling,L,108883,No,No,No,3,R11,E4,5,2,5,7
Recycling,L,108883,No,No,No,3,R11,E4,5,3,5,7
Recycling,L,108883,No,No,No,3,R11,E4,5,3,5,7
Recycling,L,108883,No,No,No,3,R11,E4,5,2,5,7
Recycling,L,108883,No,No,No,3,R11,E4,5,3,5,7
Recycling,L,108883,No,No,No,3,R11,E5,5,1,5,7
Recycling,L,108883,No,No,No,3,R11,E3,4,3,5,7
Recycling,L,108883,No,No,No,3,R11,E4,5,3,5,7
Recycling,L,108883,No,No,No,3,R11,E4,5,3,5,7
Recycling,L,108883,No,No,No,3,R11,E2,5,2,5,7
Recycling,L,108883,No,No,No,3,R12,E4,5,2,5,7
Recycling,L,108883,No,No,No,3,R11,E5,5,2,5,7
Recycling,L,108883,No,No,No,3,R11,E4,5,3,5,7
Recycling,L,108883,No,No,No,3,R11,E4,5,2,5,7
Recycling,L,108883,Yes,No,No,3,R11,E2,5,3,5,7
Recycling,L,108883,No,No,No,3,R11,E4,5,4,5,7
Recycling,L,108883,No,No,No,3,R12,E4,5,2,5,7
Recycling,L,108883,No,No,No,3,R11,E3,5,3,5,7
Recycling,L,108883,No,No,No,3,R11,E4,5,3,5,7
Recycling,L,108883,No,No,No,3,R11,E3,5,3,5,7
Recycling,L,108883,No,No,No,3,R11,E3,5,3,5,7
Recycling,L,108883,No,No,No,3,R11,E4,5,3,5,7
Recycling,L,108883,No,No,No,3,R11,E4,5,2,5,7
Recycling,L,108883,No,No,No,3,R11,E4,5,3,5,7
Recycling,L,108883,No,No,No,3,R11,E4,5,2,5,7
Recycling,L,108883,No,No,No,3,R11,E4,5,3,5,7
Recycling,L,108883,No,No,No,3,R11,E4,5,3,5,7
Recycling,L,108883,No,No,No,3,R11,E4,5,3,5,7
Recycling,L,108883,No,No,No,3,R11,E4,5,3,5,7
Recycling,L,108883,No,No,No,3,R11,E4,5,3,5,7
Recycling,L,108883,No,No,No,3,R11,E4,5,2,5,7
Recycling,L,108883,No,No,No,3,R11,E5,5,1,5,7
Recycling,L,108883,No,No,No,3,R11,E3,5,1,5,7
Recycling,L,100425,No,No,No,1,R11,E5,5,3,5,7
Recycling,L,108883,No,No,No,3,R11,E4,5,3,5,7
Recycling,L,108883,No,No,No,3,R11,E4,5,3,5,7
Recycling,L,108883,No,No,No,3,R11,E3,5,3,5,7
Recycling,L,108883,No,No,No,3,R11,E4,5,3,5,7
Recycling,L,108883,No,No,No,3,R11,E4,5,3,5,7
Recycling,L,108883,No,No,No,3,R11,E3,5,3,5,7
Recycling,L,108883,No,No,No,3,R11,E3,5,2,5,7
Recycling,L,108883,No,No,No,3,R11,E6,5,2,5,7
Recycling,L,108883,No,No,No,3,R11,E4,5,3,5,7
Recycling,L,108883,No,No,No,3,R11,E4,5,3,5,7
Recycling,L,108883,No,No,No,3,R11,E4,5,3,5,7
Recycling,L,108883,No,No,No,3,R11,E4,5,3,5,7
Recycling,L,108883,No,No,No,3,R11,E3,5,1,5,4
Recycling,L,108883,No,No,No,3,R11,E3,5,3,5,4
Recycling,L,108883,No,No,No,3,R11,E5,5,3,5,4
Recycling,L,108883,No,No,No,3,R11,E3,5,1,5,4
Recycling,L,108883,No,No,No,3,R11,E3,6,1,5,4
Recycling,L,108883,No,No,No,1,R11,E5,3,1,7,8
Recycling,L,108883,No,No,No,1,R11,E5,2,3,7,8
Recycling,L,108883,No,No,No,1,R11,E4,3,1,7,8
Recycling,L,108883,No,No,Yes,1,R11,E3,5,2,5,4
Recycling,L,108883,No,No,No,1,R12,E4,4,1,5,4
Recycling,L,108883,No,No,No,1,R11,E3,5,1,5,4
Recycling,L,108883,No,No,No,1,R12,E4,4,1,5,4
Recycling,L,108883,No,No,No,1,R11,E3,6,2,5,5
Recycling,L,108883,No,No,No,1,R11,E3,5,3,5,5
Recycling,L,108883,No,No,No,1,R12,E4,6,2,5,5
Recycling,L,108883,No,No,No,1,R11,E3,4,1,5,5
Recycling,L,108883,No,No,No,1,R11,E3,5,3,5,5
Recycling,L,108883,No,No,No,3,R11,E3,5,1,4,4
Recycling,L,100425,No,No,No,1,R11,E2,4,4,4,4
Recycling,L,108883,No,No,No,3,R11,E3,5,2,4,4
Recycling,L,108883,No,No,No,3,R11,E3,6,3,4,4
Recycling,L,108883,No,No,No,3,R12,E4,4,2,4,4
Recycling,L,108883,No,No,No,3,R14,E3,6,1,4,4
Recycling,L,108883,No,No,No,3,R11,E3,6,3,4,4
Recycling,L,108883,No,No,No,3,R11,E3,6,3,4,4
Recycling,L,108883,No,No,No,3,R12,E4,4,2,4,4
Recycling,L,108883,No,No,No,3,R11,E5,5,3,2,3
Recycling,L,108883,No,No,No,3,R11,E5,4,2,4,8
Recycling,L,100425,No,No,No,1,R11,E5,3,3,5,6
Recycling,L,108883,No,No,No,3,R11,E5,5,1,5,6
Recycling,L,100425,No,No,No,1,R11,E5,4,3,5,6
Recycling,L,108883,No,No,No,3,R14,E2,6,1,2,8
Recycling,L,108883,No,No,No,3,R11,E6,5,1,2,8
Recycling,L,108883,No,No,No,3,R14,E4,6,1,2,8
Recycling,L,108883,No,No,No,3,R11,E6,5,1,2,8
Recycling,L,108883,No,No,No,3,R14,E3,6,1,2,8
Recycling,L,108883,No,No,No,3,R11,E6,5,1,2,8
Recycling,L,108883,No,No,No,1,R14,E3,3,1,7,6
Recycling,L,108883,No,No,No,1,R11,E6,3,1,7,8
Recycling,L,108883,No,No,No,1,R11,E3,4,1,7,8
Recycling,L,108883,No,No,No,1,R11,E4,3,2,7,8
Recycling,L,108883,No,No,No,1,R11,E6,5,3,7,8
Recycling,L,108883,No,No,No,2,R11,E6,4,1,5,4
Recycling,L,108883,No,No,No,2,R11,E3,4,3,8,8
Recycling,L,108883,No,No,No,2,R11,E3,4,1,8,8
Recycling,L,108883,No,No,No,2,R11,E5,4,1,6,5
Recycling,L,108883,No,No,No,2,R11,E6,6,2,6,6
Recycling,L,108883,No,No,No,2,R14,E5,4,1,6,6
Recycling,L,108883,No,No,No,2,R14,E2,6,2,6,6
Recycling,L,108883,No,No,No,2,R11,E6,4,1,6,6
Recycling,L,108883,No,No,No,2,R11,E3,4,1,3,3
Recycling,L,108883,No,No,No,2,R11,E6,4,1,6,7
Recycling,L,108883,No,No,No,2,R11,E5,4,1,6,7
Recycling,L,108883,No,No,No,1,R11,E5,3,1,8,9
Recycling,L,108883,No,No,No,1,R11,E5,3,1,8,9
Recycling,L,108883,No,No,No,1,R11,E6,3,1,7,8
Recycling,L,108883,No,No,No,1,R11,E5,3,1,4,8
Recycling,L,108883,No,No,No,1,R11,E6,3,1,4,8
Recycling,L,108883,No,No,No,1,R11,E5,3,2,4,8
Recycling,L,108883,No,No,No,1,R11,E5,3,1,9,8
Recycling,L,108883,No,No,No,1,R11,E5,3,2,9,8
Recycling,L,108883,No,No,No,1,R11,E5,5,3,9,8
Recycling,L,100425,No,No,No,1,R11,E5,3,3,9,8
Recycling,L,108883,No,No,No,1,R11,E5,4,3,6,8
Recycling,L,108883,No,No,No,1,R11,E5,2,2,9,8
Recycling,L,108883,No,No,No,1,R11,E5,3,1,4,4
Recycling,L,108883,No,No,No,1,R11,E5,3,1,4,4
Recycling,L,108883,No,No,No,1,R11,E5,3,2,4,4
Recycling,L,108883,No,No,No,1,R11,E3,5,3,4,4
Recycling,L,108883,No,No,No,1,R11,E5,3,1,6,7
Recycling,L,108883,No,No,No,1,R11,E5,3,1,7,8
Recycling,L,108883,No,No,No,1,R11,E5,3,3,7,8
Recycling,L,108883,No,No,No,1,R11,E5,3,1,5,5
Recycling,L,108883,No,No,No,1,R11,E5,4,1,5,5
Recycling,L,108883,No,No,No,1,R11,E5,4,3,5,5
Recycling,L,108883,No,No,No,1,R11,E5,3,3,5,5
Recycling,L,108883,No,No,No,1,R11,E5,5,2,5,5
Recycling,L,108883,No,No,No,1,R11,E6,3,1,5,5
Recycling,L,108883,No,No,No,1,R11,E5,3,3,5,5
Recycling,L,108883,No,No,No,1,R11,E5,3,1,5,5
Recycling,L,108883,No,No,No,1,R11,E5,4,1,5,5
Recycling,L,108883,No,No,No,1,R11,E5,3,1,5,5
Recycling,L,108883,No,No,No,1,R11,E5,4,1,5,5
Recycling,L,108883,No,No,No,1,R11,E5,3,2,5,5
Recycling,L,108883,No,No,No,1,R11,E6,4,1,9,10
Recycling,L,108883,No,No,No,1,R11,E6,3,1,9,10
Recycling,L,108883,No,No,No,1,R11,E6,4,3,9,10
Recycling,L,108883,No,No,No,1,R11,E6,3,1,9,10
Recycling,L,108883,No,No,No,1,R11,E5,3,1,6,6
Recycling,L,108883,No,No,No,1,R11,E4,3,2,5,8
Recycling,L,100425,No,No,No,1,R11,E5,3,3,8,8
Recycling,L,108883,No,No,No,1,R11,E3,3,1,7,8
Treatment,A,108883,No,No,No,1,A01,E4,4,5,6,6
Treatment,A,100425,No,No,No,4,A06,E6,6,3,6,6
Treatment,A,108883,No,No,No,4,A06,E6,6,3,6,6
Treatment,A,50000,Yes,No,No,4,A05,E6,7,8,6,6
Treatment,S,100425,Yes,No,No,1,F11,E3,6,5,10,10
Treatment,W,100425,Yes,No,No,3,P42,E4,5,4,7,8
Treatment,A,108883,No,No,No,1,F71,E3,6,1,6,6
Treatment,S,50000,No,No,No,4,P13,E6,6,3,10,10
Treatment,W,50000,Yes,No,No,3,C11,E6,7,2,7,8
Treatment,A,50000,No,Yes,No,3,F11,E4,6,4,6,6
Treatment,A,50000,Yes,No,No,4,A03,E6,7,7,6,6
Treatment,A,50000,Yes,No,No,5,A05,E6,7,7,6,6
Treatment,A,50000,Yes,No,No,4,A05,E6,7,7,6,6
Treatment,A,50000,Yes,No,No,3,F71,E3,6,3,6,6
Treatment,A,50000,Yes,No,No,3,F11,E4,6,4,6,6
Treatment,A,50000,No,Yes,No,4,A03,E6,7,4,6,6
Treatment,A,50000,No,Yes,No,4,A06,E6,6,5,6,6
Treatment,A,50000,Yes,No,No,3,F19,E3,7,2,6,6
Treatment,A,50000,Yes,No,No,2,A01,E4,6,5,6,6
Treatment,A,50000,No,Yes,No,4,A03,E6,7,7,6,6
Treatment,A,50000,No,Yes,No,4,A05,E6,7,7,6,6
Treatment,A,50000,No,Yes,No,4,A06,E6,6,3,6,6
Treatment,A,50000,Yes,No,No,3,A03,E3,7,4,6,6
Treatment,W,50000,No,Yes,No,4,B11,E4,6,4,7,8
Treatment,W,50000,Yes,No,No,4,P11,E5,7,7,7,8
Treatment,W,50000,No,Yes,No,3,B11,E5,6,7,7,8
Treatment,W,50000,Yes,No,No,4,B11,E5,6,7,7,8
Treatment,W,100425,Yes,No,No,4,B11,E6,6,7,7,8
Treatment,W,50000,Yes,No,No,4,B11,E5,6,7,7,8
Treatment,W,50000,No,Yes,Yes,4,B11,E5,6,2,7,8
Treatment,A,50000,Yes,No,No,3,A03,E6,8,7,6,6
Treatment,A,50000,Yes,No,No,4,A03,E6,8,7,6,6
Treatment,A,50000,Yes,No,No,3,F01,E4,5,3,6,6
Treatment,A,50000,Yes,No,No,4,A03,E6,8,4,6,6
Treatment,A,50000,Yes,No,No,3,A03,E6,8,4,6,6
Treatment,A,50000,Yes,No,No,4,A05,E6,4,4,6,6
Treatment,A,50000,Yes,No,No,2,F19,E4,7,4,6,6
Treatment,A,108883,Yes,No,No,4,A03,E4,8,4,6,6
Treatment,A,50000,Yes,No,No,3,F19,E1,7,4,6,6
Treatment,A,50000,Yes,No,No,5,A03,E6,8,4,6,6
Treatment,A,50000,Yes,No,No,5,A05,E6,4,4,6,6
Treatment,A,50000,Yes,No,No,3,F19,E4,7,4,6,6
Treatment,L,108883,No,No,No,1,P09,E5,6,1,8,9
Treatment,W,108883,No,No,No,2,P01,E6,7,1,7,8
Treatment,W,50000,No,No,No,3,F83,E1,5,2,7,8
Treatment,W,108883,No,No,Yes,3,P21,E4,6,3,7,8
Treatment,S,50000,No,No,No,4,P13,E6,6,3,10,10
Treatment,S,100425,Yes,Yes,No,3,F51,E3,5,4,10,10
Treatment,S,108883,Yes,Yes,No,3,F51,E3,5,4,10,10
Treatment,S,108883,Yes,No,No,2,F11,E1,5,9,10,10
Treatment,W,108883,Yes,Yes,No,3,B11,E5,7,8,7,8
Treatment,W,108883,Yes,Yes,No,3,P42,E4,5,4,7,8
Treatment,S,108883,Yes,Yes,No,1,F11,E3,5,5,10,10
Treatment,S,50000,Yes,No,No,3,P13,E6,6,3,10,10
Treatment,S,100425,Yes,Yes,No,3,F11,E1,5,9,10,10
Treatment,S,50000,No,Yes,Yes,4,F11,E1,6,9,10,10
Treatment,L,108883,No,No,No,1,F11,E3,6,2,8,9
Treatment,L,108883,Yes,No,No,1,F01,E3,5,4,8,9
Treatment,W,108883,No,No,No,3,P21,E1,6,1,7,8
Treatment,W,100425,No,No,No,2,C01,E5,5,3,7,8
Treatment,W,100425,No,No,No,3,P01,E5,7,3,7,8
Treatment,W,100425,No,No,No,2,P11,E5,7,3,7,8
Treatment,W,100425,No,No,No,4,P12,E6,6,6,7,8
Treatment,A,50000,No,No,No,3,A03,E5,7,2,6,6
Treatment,L,100425,Yes,No,No,2,F11,E1,4,4,8,9
Treatment,A,50000,No,No,No,3,A03,E5,4,2,6,6
Treatment,A,108883,No,No,No,2,A03,E5,4,2,6,6
Treatment,A,50000,No,No,No,3,A03,E5,4,3,6,6
Treatment,A,50000,No,No,No,2,A03,E1,4,3,6,6
Treatment,A,50000,No,No,No,3,A03,E6,4,3,6,6
Treatment,A,50000,No,No,No,3,A03,E5,4,3,6,6
Treatment,A,108883,No,No,No,2,A02,E4,3,2,6,6
Treatment,A,108883,No,No,No,3,A03,E6,4,3,6,6
Treatment,A,50000,No,No,No,3,A03,E5,4,3,6,6
Treatment,A,50000,Yes,No,No,2,A03,E6,4,4,6,6
Treatment,A,50000,No,No,No,3,A03,E5,4,3,6,6
Treatment,A,50000,No,No,No,3,A03,E6,4,2,6,6
Treatment,A,50000,No,No,No,3,A03,E5,4,3,6,6
Treatment,A,50000,No,No,No,3,A03,E5,4,3,6,6
Treatment,A,50000,No,No,No,3,A03,E5,4,3,6,6
Treatment,A,108883,No,No,No,1,A02,E3,3,1,6,6
Treatment,A,108883,No,No,No,4,A01,E4,4,7,6,6
Treatment,A,108883,No,No,No,3,F71,E3,5,2,6,6
Treatment,A,50000,No,No,No,3,F71,E3,5,2,6,6
Treatment,A,50000,No,No,No,3,A03,E6,4,4,6,6
Treatment,A,50000,No,No,No,3,A03,E5,4,3,6,6
Treatment,L,100425,No,No,No,1,F01,E3,5,3,8,9
Treatment,S,108883,No,No,No,2,F81,E4,6,1,10,10
Treatment,W,108883,No,No,No,2,P41,E4,4,1,7,8
Treatment,W,108883,No,No,No,3,P41,E4,4,1,7,8
Treatment,S,100425,No,No,No,2,F19,E3,7,5,10,10
Treatment,S,108883,No,No,No,1,F19,E3,7,5,10,10
Treatment,W,50000,No,No,No,3,P12,E6,6,3,7,8
Treatment,W,50000,Yes,No,No,3,B11,E6,7,3,7,8
Treatment,W,50000,Yes,No,No,3,B11,E5,7,3,7,8
Treatment,W,50000,Yes,No,No,3,P12,E6,6,3,7,8
Treatment,A,108883,No,No,No,1,F71,E5,4,1,6,6
Treatment,A,108883,Yes,No,No,1,A06,E6,6,3,6,6
Treatment,A,108883,No,No,No,2,A06,E6,6,2,6,6
Treatment,A,108883,No,No,No,3,F81,E5,5,3,6,6
Treatment,A,108883,No,No,No,2,F81,E4,4,1,6,6
Treatment,A,108883,No,No,No,2,F71,E4,5,1,6,6
Treatment,W,108883,No,No,No,4,P42,E5,5,1,7,8
Treatment,W,108883,No,No,No,1,C11,E1,7,1,7,8
Treatment,L,108883,No,No,No,1,P42,E3,5,2,8,9
Treatment,S,108883,No,No,No,1,P42,E3,5,2,10,10
Treatment,S,108883,Yes,No,No,4,P13,E6,6,3,10,10
Treatment,A,108883,No,No,No,1,A04,E5,5,1,6,6
Treatment,A,108883,No,No,No,3,P12,E6,6,3,6,6
Treatment,A,108883,Yes,No,No,3,F71,E5,4,3,6,6
Treatment,A,108883,No,No,No,2,A06,E6,6,1,6,6
Treatment,A,108883,No,No,No,2,A06,E6,6,1,6,6
Treatment,A,108883,No,No,No,2,A06,E6,3,2,6,6
Treatment,W,108883,No,No,No,3,P41,E3,4,1,7,8
Treatment,W,108883,No,No,No,3,P42,E3,5,3,7,8
Treatment,W,108883,No,No,No,3,P41,E4,4,1,7,8
Treatment,W,108883,No,No,No,3,P41,E5,4,3,7,8
Treatment,W,108883,No,No,No,4,P41,E4,4,1,7,8
Treatment,W,100425,No,Yes,No,4,B11,E4,7,3,7,8
Treatment,W,108883,No,No,No,4,P41,E4,4,1,7,8
Treatment,W,108883,No,No,No,3,P41,E4,4,1,7,8
Treatment,A,100425,No,Yes,No,3,A03,E5,4,3,6,6
Treatment,A,100425,No,No,No,1,A01,E5,3,2,6,6
Treatment,A,108883,No,No,No,1,A01,E5,3,2,6,6
Treatment,A,100425,No,No,No,1,A01,E6,3,2,6,6
Treatment,A,108883,No,No,No,1,A01,E5,3,2,6,6
Treatment,A,108883,No,No,No,1,A01,E4,5,3,6,6
Treatment,A,108883,Yes,Yes,No,3,A01,E4,5,3,6,6
Treatment,A,108883,No,No,No,3,F71,E4,6,7,6,6
Treatment,A,108883,No,No,No,3,F71,E4,6,7,6,6
Treatment,A,108883,No,No,No,3,F71,E4,5,7,6,6
Treatment,A,108883,No,No,No,1,P21,E3,6,3,6,6
Treatment,A,108883,No,No,No,1,P21,E4,6,3,6,6
Treatment,A,108883,No,No,No,1,P21,E4,6,3,6,6
Treatment,A,108883,No,No,No,2,A02,E4,4,7,6,6
Treatment,A,108883,No,No,No,1,F71,E4,6,3,6,6
Treatment,A,108883,No,No,No,1,F71,E4,6,3,6,6
Treatment,A,108883,No,No,No,2,F71,E4,5,3,6,6
Treatment,A,108883,No,No,No,1,P21,E4,6,3,6,6
Treatment,A,108883,No,No,No,3,F71,E4,5,7,6,6
Treatment,A,108883,No,No,No,3,F71,E4,6,7,6,6
Treatment,A,108883,No,No,No,3,F71,E4,5,7,6,6
Treatment,A,108883,No,No,No,1,P21,E3,6,1,6,6
Treatment,A,108883,No,No,No,2,A01,E3,4,3,6,6
Treatment,A,108883,No,No,No,2,A01,E3,4,7,6,6
Treatment,A,108883,No,No,No,2,A01,E3,4,3,6,6
Treatment,A,108883,No,No,No,4,P41,E4,4,7,6,6
Treatment,A,108883,No,No,No,2,A01,E4,4,3,6,6
Treatment,A,108883,No,No,No,1,A01,E4,4,7,6,6
Treatment,A,108883,No,No,No,1,P21,E3,6,3,6,6
Treatment,A,108883,No,No,No,1,P21,E3,6,7,6,6
Treatment,A,108883,No,No,No,1,P21,E3,6,3,6,6
Treatment,A,108883,No,No,No,1,P21,E3,6,3,6,6
Treatment,A,108883,No,No,No,1,P21,E3,6,3,6,6
Treatment,A,108883,No,No,No,1,P15,E4,6,7,6,6
Treatment,A,108883,No,No,No,1,P21,E3,6,3,6,6
Treatment,A,108883,No,No,No,1,A01,E4,5,3,6,6
Treatment,A,108883,No,No,No,1,P21,E3,6,3,6,6
Treatment,A,108883,No,No,No,2,A01,E3,3,3,6,6
Treatment,A,108883,No,No,No,1,P21,E3,6,3,6,6
Treatment,A,108883,No,No,No,1,P21,E3,6,3,6,6
Treatment,A,108883,No,No,No,1,P21,E3,6,3,6,6
Treatment,A,108883,No,No,No,1,P21,E3,6,3,6,6
Treatment,A,108883,No,No,No,3,A04,E3,5,3,6,6
Treatment,A,108883,No,No,No,1,P21,E4,6,3,6,6
Treatment,A,108883,No,No,No,2,A01,E4,5,7,6,6
Treatment,A,108883,No,No,No,1,P21,E3,6,3,6,6
Treatment,A,108883,No,No,No,1,P21,E4,6,3,6,6
Treatment,A,108883,No,No,No,3,F71,E4,5,7,6,6
Treatment,A,108883,No,No,No,1,P21,E3,6,3,6,6
Treatment,A,108883,No,No,No,1,P21,E3,6,3,6,6
Treatment,A,108883,No,No,No,3,F71,E3,6,7,6,6
Treatment,A,108883,No,No,No,2,A01,E3,4,7,6,6
Treatment,A,108883,No,No,No,3,F71,E4,6,7,6,6
Treatment,A,108883,No,No,No,3,F71,E4,6,3,6,6
Treatment,A,108883,No,No,No,1,P21,E3,6,3,6,6
Treatment,A,108883,No,No,No,2,A01,E4,3,7,6,6
Treatment,A,108883,No,No,No,2,A01,E4,5,3,6,6
Treatment,A,108883,No,No,No,2,A01,E4,5,7,6,6
Treatment,A,108883,No,No,No,1,A01,E3,5,3,6,6
Treatment,A,108883,No,No,No,1,A01,E4,5,3,6,6
Treatment,A,108883,No,No,No,2,A01,E4,5,3,6,6
Treatment,A,108883,No,No,No,2,A01,E4,5,7,6,6
Treatment,A,108883,No,No,No,2,A01,E4,5,7,6,6
Treatment,A,108883,No,No,No,2,A01,E4,5,7,6,6
Treatment,A,108883,No,No,No,3,P21,E4,6,3,6,6
Treatment,A,108883,No,No,No,4,A01,E4,5,7,6,6
Treatment,A,108883,No,No,No,1,A01,E4,6,7,6,6
Treatment,A,108883,Yes,No,No,1,P21,E3,6,3,6,6
Treatment,A,108883,No,No,No,1,A01,E4,3,7,6,6
Treatment,A,108883,No,No,No,1,A01,E4,3,7,6,6
Treatment,A,108883,No,No,No,2,A01,E3,4,3,6,6
Treatment,A,108883,No,No,No,1,A01,E4,4,7,6,6
Treatment,A,108883,No,No,No,1,A01,E3,4,3,6,6
Treatment,A,108883,No,No,No,2,A01,E3,4,7,6,6
Treatment,A,108883,Yes,No,No,2,A01,E4,4,7,6,6
Treatment,A,108883,No,No,No,2,A01,E4,4,3,6,6
Treatment,A,108883,No,No,No,1,A01,E4,4,3,6,6
Treatment,A,108883,No,No,No,1,A01,E4,4,3,6,6
Treatment,A,108883,No,No,No,1,A01,E4,4,3,6,6
Treatment,A,108883,No,No,No,1,A01,E4,4,3,6,6
Treatment,A,108883,No,No,No,3,F71,E3,5,7,6,6
Treatment,A,108883,No,No,No,3,P21,E5,6,3,6,6
Treatment,A,108883,No,No,No,1,P21,E4,6,3,6,6
Treatment,A,108883,No,No,No,1,A01,E4,5,3,6,6
Treatment,A,108883,No,No,No,1,A01,E4,5,3,6,6
Treatment,A,100425,No,No,No,3,A01,E4,5,6,6,6
Treatment,A,108883,No,No,No,2,A01,E4,4,6,6,6
Treatment,A,108883,No,No,No,1,A01,E4,3,3,6,6
Treatment,A,108883,No,No,No,2,A01,E4,5,7,6,6
Treatment,W,100425,No,No,No,2,P21,E3,6,7,7,8
Treatment,W,108883,No,No,No,3,P21,E4,6,3,7,8
Treatment,W,108883,No,No,No,3,P21,E3,5,3,7,8
Treatment,W,108883,No,No,No,4,P21,E5,6,3,7,8
Treatment,W,108883,No,No,No,5,P21,E3,6,7,7,8
Treatment,W,108883,No,No,No,3,P15,E3,6,3,7,8
Treatment,W,108883,No,No,No,3,P41,E4,4,7,7,8
Treatment,W,108883,No,No,No,1,P41,E5,4,3,7,8
Treatment,W,108883,No,No,No,5,A06,E5,6,3,7,8
Treatment,W,108883,No,No,No,2,P41,E4,4,7,7,8
Treatment,W,108883,No,No,No,1,P41,E5,4,3,7,8
Treatment,W,108883,No,No,No,3,P15,E3,6,3,7,8
Treatment,W,108883,No,No,No,1,P41,E5,4,7,7,8
Treatment,W,108883,No,No,No,1,P41,E5,4,3,7,8
Treatment,W,108883,No,No,No,1,P41,E5,4,3,7,8
Treatment,W,108883,No,No,No,1,P41,E5,4,3,7,8
Treatment,W,108883,No,No,No,1,P41,E5,4,3,7,8
Treatment,W,108883,No,No,No,1,P41,E5,4,3,7,8
Treatment,W,108883,No,No,No,1,P41,E5,4,3,7,8
Treatment,W,108883,No,No,No,1,P41,E5,4,3,7,8
Treatment,W,108883,No,No,No,1,P41,E5,4,3,7,8
Treatment,W,108883,No,No,No,1,P41,E5,4,3,7,8
Treatment,W,108883,No,No,No,1,P41,E5,4,3,7,8
Treatment,W,108883,No,No,No,1,P41,E5,4,3,7,8
Treatment,W,108883,No,No,No,1,P41,E5,4,3,7,8
Treatment,W,108883,No,No,No,3,P21,E4,6,7,7,8
Treatment,W,108883,No,No,No,1,P41,E5,4,3,7,8
Treatment,W,108883,No,No,No,1,P41,E5,4,3,7,8
Treatment,W,108883,No,No,No,1,P41,E5,4,3,7,8
Treatment,W,108883,No,No,No,1,P41,E5,4,3,7,8
Treatment,W,108883,No,No,No,3,P15,E6,6,3,7,8
Treatment,W,108883,No,No,No,1,P41,E5,4,3,7,8
Treatment,W,108883,No,No,No,1,P41,E5,4,3,7,8
Treatment,W,108883,No,No,No,3,P41,E4,4,3,7,8
Treatment,W,108883,No,No,No,3,B11,E3,4,3,7,8
Treatment,W,108883,No,No,No,3,P15,E4,6,7,7,8
Treatment,W,108883,No,No,No,3,P21,E4,6,7,7,8
Treatment,W,108883,No,No,No,3,P41,E5,4,7,7,8
Treatment,W,108883,No,No,No,4,P15,E6,6,7,7,8
Treatment,W,108883,Yes,No,No,1,P41,E5,4,3,7,8
Treatment,W,108883,No,No,No,3,B11,E3,4,7,7,8
Treatment,W,108883,No,No,No,4,P15,E6,6,6,7,8
Treatment,W,108883,No,No,No,3,P21,E3,6,3,7,8
Treatment,W,108883,Yes,No,No,3,P21,E4,6,7,7,8
Treatment,W,108883,Yes,No,No,4,P41,E6,4,7,7,8
Treatment,W,108883,No,No,No,2,P15,E4,6,7,7,8
Treatment,S,108883,No,No,No,3,B11,E4,4,3,10,10
Treatment,A,108883,No,No,No,2,A01,E5,4,3,6,6
Treatment,A,108883,No,No,No,1,A01,E5,4,3,6,6
Treatment,A,108883,No,No,No,1,A01,E4,4,3,6,6
Treatment,W,108883,No,No,No,3,P21,E5,6,3,7,8
Treatment,W,108883,No,No,No,3,P21,E5,6,3,7,8
Treatment,A,108883,Yes,No,No,1,A01,E4,3,5,6,6
Treatment,A,100425,No,No,No,2,A03,E4,4,9,6,6
Treatment,A,108883,No,No,No,2,A03,E4,4,9,6,6
Treatment,A,50000,No,No,No,2,A03,E4,4,9,6,6
Treatment,A,100425,No,No,No,2,P21,E5,6,9,6,6
Treatment,A,108883,No,No,No,2,P21,E5,6,9,6,6
Treatment,A,50000,No,No,No,2,P21,E5,6,9,6,6
Treatment,L,100425,No,No,No,2,F11,E3,6,9,8,9
Treatment,L,108883,No,No,No,1,F11,E3,6,9,8,9
Treatment,L,50000,No,No,No,3,F11,E3,6,9,8,9
Treatment,S,100425,No,No,No,2,F11,E3,6,9,10,10
Treatment,S,108883,No,No,No,2,F11,E3,6,9,10,10
Treatment,S,50000,No,No,No,2,F11,E3,6,9,10,10
Treatment,W,100425,No,No,Yes,3,B11,E4,5,3,7,8
Treatment,W,108883,No,No,Yes,3,B11,E4,5,3,7,8
Treatment,W,100425,No,No,No,2,F51,E3,5,10,7,8
Treatment,W,108883,No,No,No,1,F51,E3,5,10,7,8
Treatment,W,50000,No,No,No,2,F51,E3,5,10,7,8
Treatment,W,100425,No,No,No,2,B11,E5,5,6,7,8
Treatment,W,108883,No,No,No,2,B11,E5,5,6,7,8
Treatment,W,50000,No,No,No,2,B11,E5,5,6,7,8
Treatment,A,100425,No,No,No,3,F71,E5,4,3,6,6
Treatment,A,108883,No,No,No,3,F71,E5,4,3,6,6
Treatment,A,108883,No,No,Yes,3,A04,E5,5,3,6,6
Treatment,A,108883,No,No,No,2,A02,E5,6,2,6,6
Treatment,L,100425,No,No,No,2,F51,E3,5,10,8,9
Treatment,L,108883,No,No,No,1,F51,E3,5,10,8,9
Treatment,L,50000,No,No,No,2,F51,E3,5,10,8,9
Treatment,L,100425,No,No,No,1,P09,E6,6,4,8,9
Treatment,L,108883,No,No,No,1,P09,E6,6,4,8,9
Treatment,L,100425,No,No,No,1,F01,E1,3,6,8,9
Treatment,L,108883,No,No,No,1,F01,E1,3,6,8,9
Treatment,L,50000,No,No,No,1,F01,E1,3,6,8,9
Treatment,L,100425,No,No,No,2,F11,E3,5,10,8,9
Treatment,L,108883,No,No,No,2,F11,E3,5,10,8,9
Treatment,L,50000,No,No,No,2,F11,E3,5,10,8,9
Treatment,L,100425,No,No,No,2,F11,E3,5,10,8,9
Treatment,L,108883,No,No,No,2,F11,E3,5,10,8,9
Treatment,L,50000,No,No,No,1,F11,E3,5,10,8,9
Treatment,S,100425,No,No,No,2,F51,E3,5,10,10,10
Treatment,S,108883,No,No,No,1,F51,E3,5,10,10,10
Treatment,S,50000,No,No,No,2,F51,E3,5,10,10,10
Treatment,S,100425,No,No,No,1,F11,E3,5,9,10,10
Treatment,S,108883,No,No,No,1,F11,E3,5,9,10,10
Treatment,S,50000,No,No,No,1,F11,E3,5,9,10,10
Treatment,S,100425,No,No,No,2,F11,E3,5,10,10,10
Treatment,S,108883,No,No,No,2,F11,E3,5,10,10,10
Treatment,S,50000,No,No,No,2,F11,E3,5,10,10,10
Treatment,S,108883,No,No,No,3,C44,E1,7,3,10,10
Treatment,S,108883,No,No,No,1,F83,E1,5,10,10,10
Treatment,A,108883,No,No,Yes,1,A01,E5,3,3,6,6
Treatment,A,108883,No,No,No,2,A01,E4,3,1,6,6
Treatment,A,108883,No,No,No,5,A01,E1,6,3,6,6
Treatment,A,108883,No,No,No,4,P12,E6,6,3,6,6
Recycling,L,108883,No,No,No,3,R11,E2,6,1,7,8
Recycling,L,108883,No,Yes,No,1,R11,E3,6,1,7,8
Recycling,L,108883,No,No,No,3,R11,E3,6,2,7,8
Recycling,L,108883,No,No,No,3,R14,E3,6,2,7,8
Recycling,L,108883,No,No,No,3,R14,E3,6,1,7,8
Recycling,L,108883,No,No,No,1,R11,E5,4,1,7,8
Recycling,L,108883,No,No,No,1,R11,E5,4,1,7,8
Recycling,L,108883,No,No,No,1,R11,E5,6,1,7,8
Recycling,L,108883,No,No,No,1,R12,E3,5,1,7,8
Recycling,L,108883,No,No,No,1,R12,E3,5,1,7,8
Recycling,L,108883,No,No,No,1,R11,E5,6,1,7,8
Recycling,L,108883,No,No,No,1,R12,E3,5,1,7,8
Recycling,L,108883,No,No,No,1,R13,E2,6,1,7,8
Recycling,L,108883,No,No,No,1,R13,E2,6,2,7,8
Recycling,L,108883,No,No,No,1,R11,E5,6,1,7,8
Recycling,L,100425,No,No,No,1,R11,E5,6,3,7,8
Recycling,L,100425,No,No,No,1,R11,E5,6,3,7,8
Recycling,L,108883,No,No,No,1,R11,E3,3,1,7,8
Recycling,L,108883,No,No,No,1,R11,E3,4,1,7,8
Recycling,L,108883,No,No,No,1,R11,E3,4,1,7,8
Recycling,L,108883,Yes,No,No,1,R11,E3,6,1,7,8
Recycling,L,108883,No,No,No,2,R11,E4,5,2,7,8
Recycling,L,108883,No,No,No,2,R12,E3,4,2,7,8
Recycling,L,108883,No,No,No,2,R12,E3,4,2,7,8
Recycling,L,108883,No,No,No,1,R12,E3,5,3,7,8
Recycling,L,108883,No,No,No,1,R12,E2,4,1,7,8
Recycling,L,108883,No,No,No,1,R11,E4,5,3,7,8
Recycling,L,108883,No,No,No,1,R12,E3,4,3,7,8
Recycling,L,108883,No,No,No,1,R13,E2,4,3,7,8
Recycling,L,108883,No,No,No,1,R12,E3,4,2,7,8
Recycling,L,108883,No,No,No,1,R11,E4,5,2,7,8
Recycling,L,108883,No,No,No,1,R12,E3,4,2,7,8
Recycling,L,108883,No,No,No,1,R13,E2,4,2,7,8
Recycling,L,100425,No,No,No,1,R11,E5,5,3,7,8
Recycling,L,108883,No,No,No,1,R11,E4,5,3,7,8
Recycling,L,108883,No,No,No,1,R12,E3,4,2,7,8
Recycling,L,100425,No,No,No,1,R13,E3,4,3,7,8
Recycling,L,108883,No,No,No,1,R13,E2,4,3,7,8
Recycling,L,108883,No,No,Yes,1,R12,E3,4,2,7,8
Recycling,L,108883,No,No,Yes,1,R13,E2,4,3,7,8
Recycling,L,108883,No,No,No,1,R12,E3,4,2,7,8
Recycling,L,108883,No,No,No,1,R13,E2,4,2,7,8
Recycling,L,108883,No,No,No,1,R12,E2,5,2,7,8
Recycling,L,108883,No,No,No,1,R11,E4,5,3,7,8
Recycling,L,108883,No,No,No,1,R12,E3,4,2,7,8
Recycling,L,108883,No,No,No,1,R11,E4,5,4,7,8
Recycling,L,108883,No,No,No,1,R12,E3,4,2,7,8
Recycling,L,108883,No,No,No,1,R13,E2,4,4,7,8
Recycling,L,108883,No,No,Yes,1,R11,E4,5,4,7,8
Recycling,L,108883,No,No,Yes,1,R12,E3,4,2,7,8
Recycling,L,108883,No,No,Yes,1,R11,E4,4,3,7,8
Recycling,L,108883,No,No,Yes,1,R12,E2,5,2,7,8
Energy recovery,A,108883,No,No,No,1,U03,E4,6,5,7,8
Energy recovery,L,100425,No,No,No,1,U01,E3,4,3,7,7
Energy recovery,L,108883,No,No,No,1,U01,E3,4,3,7,7
Energy recovery,A,50000,Yes,No,No,4,U03,E4,6,4,7,8
Energy recovery,S,100425,Yes,No,No,1,U03,E3,4,9,7,7
Energy recovery,S,50000,No,No,No,5,U01,E1,7,2,7,7
Energy recovery,S,50000,Yes,No,No,4,U01,E4,7,3,7,7
Energy recovery,S,50000,Yes,No,No,4,U01,E4,6,4,7,7
Energy recovery,S,50000,Yes,No,No,4,U01,E4,7,2,7,7
Energy recovery,S,50000,No,Yes,No,4,U01,E4,7,4,7,7
Energy recovery,S,50000,Yes,No,No,4,U01,E4,7,4,7,7
Energy recovery,S,50000,Yes,No,No,4,U01,E4,6,2,7,7
Energy recovery,S,50000,Yes,No,No,4,U01,E4,7,2,7,7
Energy recovery,S,50000,Yes,No,No,4,U01,E4,7,5,7,7
Energy recovery,S,50000,Yes,No,No,4,U01,E4,7,4,7,7
Energy recovery,A,50000,Yes,No,No,3,U03,E4,6,3,7,8
Energy recovery,A,50000,No,Yes,No,3,U03,E4,4,4,7,8
Energy recovery,A,50000,Yes,No,No,3,U03,E4,5,4,7,8
Energy recovery,A,50000,Yes,No,No,3,U03,E4,6,2,7,8
Energy recovery,A,50000,Yes,No,No,3,U03,E4,6,4,7,8
Energy recovery,A,50000,Yes,No,No,3,U03,E4,5,4,7,8
Energy recovery,A,50000,No,Yes,No,3,U03,E4,5,4,7,8
Energy recovery,A,50000,Yes,No,No,3,U03,E4,5,4,7,8
Energy recovery,L,108883,No,No,No,2,U01,E3,7,1,7,7
Energy recovery,A,100425,No,No,No,3,U03,E4,4,3,7,8
Energy recovery,A,108883,No,No,No,2,U03,E4,4,3,7,8
Energy recovery,L,100425,No,No,No,1,U03,E3,4,9,7,7
Energy recovery,L,50000,No,No,No,1,U03,E3,4,9,7,7
Energy recovery,S,108883,No,No,No,1,U03,E3,4,9,7,7
Energy recovery,A,108883,No,No,No,5,U03,E1,6,3,7,8
